브랜드,파트넘버,제품명,스팩, 총재고 
Microchip,PIC16F1454T,8-bit USB Microcontroller,"14KB Flash, 1KB RAM, USB 2.0, 12 I/O, 48MHz (PLL), SOIC-14 패키지",18900
TI,MSP430G2333IPW28R(TSSOP),16-bit Ultra-Low Power MCU,"8KB Flash, 512B SRAM, 10-bit ADC, UART/SPI/I²C, 16MHz, 28핀 TSSOP",3614
TI,SN65LBC184D,RS-485/RS-422 Differential Line Transceiver,"1 Driver / 1 Receiver, Half-Duplex, 250kbps, ±12kV ESD, 4.75~5.25V, SOIC-8",2994
Realtek,1SALC5658-ALC5658,Ultra-Low Power Stereo Audio CODEC,"24-bit DAC/ADC, 48kHz, I²S/I²C Interface, Integrated Class-D Amp, QFN 패키지",15708
Realtek,1SALC5660-ALC5660,High-Performance Low-Power Stereo Audio CODEC,"24-bit DAC/ADC, 최대 192kHz, I²S/I²C, Integrated Class-D & Headphone Amp, QFN 패키지",31155
AVAGO,HCPL-0600,High-Speed Optocoupler (Logic Gate Output),"10Mbps, Open Collector Output, 3750Vrms Isolation, 4.5~5.5V, SOIC-8",3846
DRAGONCHIP,DC6688F16SB,8-bit Microcontroller Unit (8051 기반 MCU),"16KB Flash, 64B Data Flash, 256B SRAM, 1 UART, 3 Timer, 19 I/O, SOP-24",6539
RADIO PULS,MG2455-F48(ZigBee),2.4GHz ZigBee SoC Wireless Transceiver,"IEEE 802.15.4/ZigBee, 8051 MCU 내장, 128KB Flash, 8KB SRAM, QFN-48",2500
MICRON,MTFC4GACAJCN-1M WT,4GB e.MMC NAND Flash Memory,"4GB MLC, e.MMC 4.41, Up to 104MB/s, 11.5 × 13 mm VFBGA-153",500
,303BOXRMS2,CASE ,GMON HRTS,690
,303BP2000S,BOARD PLATE,2000SS 5.5~15KW,25
,303CSB020B,CASE,BOTTOM(HHT-2000) 파란색 케이스,42
,303CST020B,CASE,TOP(HHT-2000) 파란색 케이스,42
,303RPYO586,REMOTE S/W PANEL,비상용,91
,303RPYO845,REMOTE S/W PANEL,750*80 사출표판,151
,304BD20126,CHIP BEAD,FCM2012KF-600T09,3047
,304BDJA102,CHIP BEAD,ACMS160808A102,4165
,304BDM601A,CHIP BEAD,MMZ2012S601AT000,1900
,304BDPA600,CHIP BEAD,CB2012PA600T,2443
,304BDPU221,CHIP BEAD,TI160808U221,1844
,304BDS600A,CHIP BEAD,MPZ1608S600ATAH0,1194
,304BTS621T,BATTERY,MS621T,100
,304CA226KA,CAPACITOR,3216 22uF K 25V X5R,1432
,304CA473KB,CAPACITOR,3216 47nF K 50V X7R,32960
,304CA476MP,CAPACITOR,3216 47uF M 10V X5R (MAX 10V),1570
,304CB106KB,CAPACITOR,3225 10uF K 50V X5R,2539
,304CB225KB,CAPACITOR,3225 2.2uF K 50V X7R,2596
,304CB226KP,CAPACITOR,3225 22uF K 10V X5R (16V 사용 가능),11394
,304CC102KK,CAPACITOR,4532 1nF K 3KV X7R,36
,304CC103KJ,CAPACITOR,4532 10nF K 2KV X7R,515
,304CC105KK,CAPACITOR,4532 1uF K 3KV X7R(CC1812KKX7REBB102),803
,304CD102KI,CAPACITOR,4520 1nF K 1000V X7R,2500
,304CD106KB,CAPACITOR,5750 10uF K 50V,183
,304CJ010CB,CAPACITOR,1608 1pF C 50V C0G,1779
,304CJ102KB,CAPACITOR,1608 1nF K 50V X7R,2869
,304CJ103KB,CAPACITOR,1608 10nF K 50V X7R(J급 사용가능),3700
,304CJ105KA,CAPACITOR,1608 1uF K 25V X5R,3176
,304CJ105KO,CAPACITOR,1608 1uF K 16V X5R,1745
,304CJ106KP,CAPACITOR,1608 10uF K 10V X5R,2854
,304CJ106MO,CAPACITOR,1608 10uF M 16V X5R,6024
,304CJ122KB,CAPACITOR,1608 1.2nF K 50V X7R,1773
,304CJ150JB,CAPACITOR,1608 15pF J 50V C0G,18548
,304CJ224KA,CAPACITOR,1608 220nF K 25V X7R,10800
,304CJ225KO,CAPACITOR,1608 2.2uF K 16V X5R,4272
,304CJ225KP,CAPACITOR,1608 2.2uF K 10V X5R,3482
,304CJ226MQ,CAPACITOR,1608 22uF M 6.3V X5R,2867
,304CJ431JB,CAPACITOR,1608 430pF J 50V C0G,2687
,304CJ472KB,CAPACITOR,1608 4.7nF K 50V X7R,3839
,304CJ474KA,CAPACITOR,1608 470nF K 25V X7R,3851
,304CN47501,CONNECTOR,USB Type AB (47589-0001),397
,304CN50674,CONNECTOR,55091-0674(60 PIN),255
,304CNUSB5P,CONNECTOR,Mini USB/MUSB-05-F-AB-SM-A,275
,304CNWR04P,CONNECTOR,12505WR-04,1875
,304CP105KM,CAPACITOR,2012 1uF K 50V X7R / GRM21BR71H105KA12L,1535
,304CP105ZB,CAPACITOR,2012 1uF Z 50V Y5V,987
,304CP106KO,CAPACITOR,2012 10uF K 16V X5R,1717
,304CP154KB,CAPACITOR,2012 150nF K 50V X7R,2000
,304CP226KP,CAPACITOR,2012 22uF M 10V X5R,3416
,304CP226MA,CAPACITOR,2012 22uF M 25V X5R,1840
,304CP270JB,CAPACITOR,2012 27pF J 50V NP0,2340
,304CP273KB,CAPACITOR,2012 27nF K 50V X7R,1776
,304CP330JB,CAPACITOR,2012 33pF J 50V NP0,5238
,304CP333KB,CAPACITOR,2012 33nF K 50V X7R,900
,304CP394KO,CAPACITOR,2012 390nF K 16V X7R,5114
,304CP680KB,CAPACITOR,2012 68pF J 50V NP0,9579
,304CS100JB,CAPACITOR,1005 10pF J 50V C0G,9052
,304CS101JB,CAPACITOR,1005 100pF J 50V C0G,9233
,304CS102KB,CAPACITOR,1005 1nF K 50V X7R,8095
,304CS103KB,CAPACITOR,1005 10nF K 50V X7R,14866
,304CS104KB,CAPACITOR,1005 100nF K 50V X7R,8007
,304CS104KO,CAPACITOR,1005 100nF K 16V X7R,8144
,304CS105KO,CAPACITOR,1005 1uF K 16V X5R,8763
,304CS106KO,CAPACITOR,1005 10uF M 10V X5R,9461
,304CS122KB,CAPACITOR,1005 1.2nF K 50V X7R,7762
,304CS180JB,CAPACITOR,1005 18pF J 50V C0G,15247
,304CS200JB,CAPACITOR,1005 20pF J 50V NP0,19347
,304CS220JB,CAPACITOR,1005 22pF J 50V NP0,8474
,304CS225KO,CAPACITOR,1005 2.2uF K 16V X5R,8296
,304CS270JB,CAPACITOR,1005 27pF J 50V C0G,9402
,304CS391JB,CAPACITOR,1005 390pF J 50V C0G,9347
,304CS475JO,CAPACITOR,1005 4.7uF M 16V X5R,8853
,304CS475KP,CAPACITOR,1005 4.7uF K 10V X5R (M급 16V 사용가능),8672
,304D05G12D,DIODE,LOPIVA 05G12D,6742
,304D12CT1G,DIODE,SD12CT1G,4830
,304D4220CZ,DIODE,IP4220CZ6,780
,304D520S30,DIODE,RB520S30TE61,2591
,304D521SM3,DIODE,RB521SM-30T2R,8222
,304DB240A1,DIODE,B240A-13-F,3855
,304DBAT54C,DIODE,BAT54C / BAT54CLT1G,734
,304DBAV99L,DIODE,BAV99LT1G,8716
,304DBD4148,DIODE,MMBD4148,7109
,304DBJ28CA,DIODE,SMBJ28CA,997
,304DBJ5353,DIODE,SMBJ5353B,2947
,304DBZT52C,DIODE,BZT52C30,781
,304DM5233B,DIODE,ZMM5233B,32500
,304DMAJ24A,DIODE,SMAJ24A,899
,304DMM5250,DIODE,ZMM5250(1N5250),2389
,304DRB160M,DIODE,RB160M-60TR,1669
,304DS1G111,DIODE,S1G_DEC,4581
,304DS2L40A,DIODE,STPS2L40AF,6046
,304DSMCJ13,DIODE,SMCJ13CA,793
,304DSS1601,DIODE,SS16-SMA,3693
,304DSZ4684,DIODE,MMSZ4684T1G(3.3V),3016
,304DTH121U,DIODE,STTH212U,2094
,304DZ4678T,DIODE,MMSZ4678T1G(1.8V),1572
,304DZ5242B,DIODE,MMSZ5242B,75599
,304E10735V,ELEC CAPACITOR,MVK 100uF 35V(6.3*8),424
,304E22735M,ELEC CAPACITOR,MVK 220uF 35V(8*10),337
,304FSMD012,FUSE,FSMD012-1206-R,710
,304FSMD260,FUSE,FSMD260-13R,988
,304LJ036A1,CHIP LED,BL-HG036A-AV-TRB (1608 GREEN),2874
,304LJ136A1,CHIP LED,BL-HS136A / BL-HUF36A-AV-TRB (1608 RED),2466
,304LJ2ERD1,CHIP LED,ECL-1608RD-2E1 저휘도,173
,304LJ2EYG1,CHIP LED,ECL-1608YG-2E1(HY) 저휘도,1660
,304LJ600H1,CHIP LED,FC-DA1608HOK-600H (1608 ORANGE),196887
,304N0735F1,INDUCTOR,SHP0735P-F100A,33
,304N0T100M,INDUCTOR,NR8040T100M,108
,304N102MEC,INDUCTOR,XFL4020-102MEC,403
,304N103KLD,INDUCTOR,SER1360-103KLD,399
,304N103MLD,INDUCTOR,MSS1278-103MLD,396
,304N152MEC,INDUCTOR,XFL4020-152MEC,903
,304N21PN1R,CHIP INDUCTOR,LQM21PN1R5MC0D,3624
,304NC401SK,CHIP INDUCTOR,DLW44SM401SK2,718
,304NE7012P,CHIP INDUCTOR,ACM7060-701-2PL-TL01,879
,304NJ121SN,CHIP INDUCTOR,BLM18EG121SN1,3043
,304NJN100M,CHIP INDUCTOR,LQM18FN100M00D,2731
,304NJN56NG,CHIP INDUCTOR,LQW18AN56NG00D,2614
,304NL81R52,INDUCTOR COIL,ZJYS81R5-2PL51T-G01,850
,304NLP331M,INDUCTOR,LPF7045T-331M,1150
,304NLZJS54,INDUCTOR COIL,ZJS51R5-2PT-01,300
,304NM100WT,CHIP INDUCTOR,MLZ1608M100WT000,3509
,304NM9002P,CHIP INDUCTOR,ACM2012-900-2P-T001,3151
,304NP600NE,CHIP INDUCTOR,CIC21P600NE,663
,304NTI121,CHIP INDUCTOR,TI201209U121 [120R 3A],2877
,304OT24MHZ,OSC,24MHz(SCO-105),568
,304P00205T,PIN HEADER,23063226-00205-TR1(TSM-110-01-T-DV),384
,304PH40FHA,DIP PIN HEADER,A3C-40DA-2SMD / 2.0FH 2X20 SMD,245
,304RA1203F,RESISTOR,3216 F 120K,3000
,304RA1501F,RESISTOR,3216 F 1.5K,3500
,304RA153J1,RESISTOR,3216 J 15K,3011
,304RA1623F,RESISTOR,3216 F 162K,4584
,304RA1802F,RESISTOR,3216 F 18K,4566
,304RA220F1,RESISTOR,3216 F 22R,2900
,304RA3602F,RESISTOR,3216 F 36K,4176
,304RA4700F,RESISTOR,3216 F 470R,20000
,304RA5103F,RESISTOR,3216 F 510K,20539
,304RA5600F,RESISTOR,3216 F 560R,2900
,304RAA000J,RESISTOR ARRAY,064R J 0R (3216*4) / WA06X000JTL,4889
,304RAA104J,RESISTOR ARRAY,064R J 100K (3216*4) / WA06X104JTL,4982
,304RAA220J,RESISTOR ARRAY,064R J 22R (3216*4),4594
,304RAA222J,RESISTOR ARRAY,064R J 2.2K (3216*4) / WA06X222JTL,3100
,304RAA331J,RESISTOR ARRAY,064R J 330R (3216*4),6500
,304RAA471J,RESISTOR ARRAY,064R J 470R (3216*4) / WA06X471JTL,4924
,304RAA681J,RESISTOR ARRAY,064R J 680R (3216*4),5100
,304RAS473J,RESISTOR ARRAY,WA04X473JTL,9789
,304RC162J1,RESISTOR,5025 J 1.6K,2968
,304RC271J1,RESISTOR,5025 J 270R,6716
,304RC331J1,RESISTOR,5025 J 330R,1172
,304RC3602F,RESISTOR,5025 F 36K,3180
,304RC4993F,RESISTOR,5025 F 499K,2880
,304RC750J1,RESISTOR,5025 J 75R,883
,304RD000J1,RESISTOR,6432 J 0R,149
,304RD1503F,RESISTOR,6432 F 150K,3589
,304RD150J1,RESISTOR,6432 J 15R,283
,304RD221J1,RESISTOR,6432 J 220R,1382
,304RD3300F,RESISTOR,6432 F 330R,2467
,304RD472J1,RESISTOR,6432 J 4.7K,3460
,304RD681J1,RESISTOR,6432 J 680R,3792
,304RJ104J1,RESISTOR,1608 J 100K,579
,304RJ105J1,RESISTOR,1608 J 1M,3867
,304RJ111J1,RESISTOR,1608 J 110R,3735
,304RJ1200F,RESISTOR,1608 F 120R,1679
,304RJ1212F,RESISTOR,1608 F 12.1K,2766
,304RJ122J1,RESISTOR,1608 J 1.2K,8200
,304RJ1301F,RESISTOR,1608 F 1.3K,16479
,304RJ1501F,RESISTOR,1608 F 1.5K,15576
,304RJ1543F,RESISTOR,1608 F 154K,3878
,304RJ1872F,RESISTOR,1608 F 18.7K,3873
,304RJ2002F,RESISTOR,1608 F 20K,4865
,304RJ2103F,RESISTOR,1608 F 210K,2776
,304RJ222J1,RESISTOR,1608 J 2.2K,3867
,304RJ2401F,RESISTOR,1608 F 2.4K,2183
,304RJ2612F,RESISTOR,1608 F 26.1K,3866
,304RJ2R7J1,RESISTOR,1608 J 2.7R,8000
,304RJ3001F,RESISTOR,1608 F 3K,3878
,304RJ3304F,RESISTOR,1608 F 3.3M,2759
,304RJ33R0F,RESISTOR,1608 F 33R,10415
,304RJ3402F,RESISTOR,1608 F 34K,3872
,304RJ362J1,RESISTOR,1608 J 3.6K,8200
,304RJ3742F,RESISTOR,1608 F 37.4K,2777
,304RJ4642F,RESISTOR,1608 F 46.4K,3879
,304RJ471J1,RESISTOR,1608 J 470R,2766
,304RJ473J1,RESISTOR,1608 J 47K,10748
,304RJ4871F,RESISTOR,1608 F 4.87K,1840
,304RJ49R9F,RESISTOR,1608 F 49.9R,4915
,304RJ60R4F,RESISTOR,1608 F 60.4R (60R 대체),1671
,304RJ6800F,RESISTOR,1608 F 680R,4863
,304RJ7152F,RESISTOR,1608 F 71.5K,3873
,304RJ7873F,RESISTOR,1608 F 787K,2757
,304RP1053F,RESISTOR,2012 F 105K,7341
,304RP1103F,RESISTOR,2012 F 110K,4893
,304RP1501F,RESISTOR,2012 F 1.5K,8700
,304RP153J1,RESISTOR,2012 J 15K,4510
,304RP1604F,RESISTOR,2012 F 1.6M,2979
,304RP1800F,RESISTOR,2012 F 180R,7400
,304RP1802F,RESISTOR,2012 F 18K,3900
,304RP1803F,RESISTOR,2012 F 180K,1269
,304RP182J5,RESISTOR,2012 J 1.8K,2100
,304RP1912K,RESISTOR,2012 F 19.1K,8300
,304RP1R0J1,RESISTOR,2012 J 1R,16200
,304RP2000F,RESISTOR,2012 F 200R,11742
,304RP2100F,RESISTOR,2012 F 210R,19400
,304RP2200F,RESISTOR,2012 F 220R,93000
,304RP2203F,RESISTOR,2012 F 220K,6000
,304RP220F1,RESISTOR,2012 F 22R,4680
,304RP2260F,RESISTOR,2012 F 226R,14700
,304RP2261F,RESISTOR,2012 F 2.26K,7126
,304RP2490F,RESISTOR,2012 F 249R,4593
,304RP27R0F,RESISTOR,2012 F 27R,9900
,304RP2R20F,RESISTOR,2012 F 2.2R,4893
,304RP2R2J1,RESISTOR,2012 J 2.2R,4589
,304RP2R7J1,RESISTOR,2012 J 2.7R,1800
,304RP3012F,RESISTOR,2012 F 30.1K,25871
,304RP305J1,RESISTOR,2012 J 3M,4690
,304RP3302F,RESISTOR,2012 F 33K,18000
,304RP3303F,RESISTOR,2012 F 330K,23339
,304RP33R0F,RESISTOR,2012 F 33R,4778
,304RP3601F,RESISTOR,2012 F 3.6K,7100
,304RP3902F,RESISTOR,2012 F 39K,3900
,304RP4702F,RESISTOR,2012 F 47K,3397
,304RP470J1,RESISTOR,2012 J 47R,6200
,304RP4753F,RESISTOR,2012 F 475K,5217
,304RP4871F,RESISTOR,2012 F 4.87K,4400
,304RP5102F,RESISTOR,2012 F 51K,20100
,304RP51R0F,RESISTOR,2012 F 51R,28478
,304RP5600F,RESISTOR,2012 F 560R,4800
,304RP6201F,RESISTOR,2012 F 6.2K,2414
,304RP6202F,RESISTOR,2012 F 62K,8076
,304RP6652F,RESISTOR,2012 F 66.5K,9683
,304RP6800F,RESISTOR,2012 F 680R,6900
,304RP6801F,RESISTOR,2012 F 6.8K,16871
,304RP6802F,RESISTOR,2012 F 68K,20015
,304RP7501F,RESISTOR,2012 F 7.5K,4488
,304RP7502F,RESISTOR,2012 F 75K,8092
,304RP75R0F,RESISTOR,2012 F 75R,2800
,304RP7682F,RESISTOR,2012 F 76.8K,9931
,304RP8060F,RESISTOR,2012 F 806R,4714
,304RP8200F,RESISTOR,2012 F 820R,760
,304RP8202F,RESISTOR,2012 F 82K,245
,304RP9091F,RESISTOR,2012 F 9.09K,13900
,304RS000J1,RESISTOR,1005 J 0R,13745
,304RS0750F,RESISTOR,1005 F 75R,1159
,304RS1000F,RESISTOR,1005 F 100R,7728
,304RS1001F,RESISTOR,1005 F 1K,8869
,304RS1002F,RESISTOR,1005 F 10K,7152
,304RS1003F,RESISTOR,1005 F 100K,11213
,304RS1004F,RESISTOR,1005 F 1M,7758
,304RS1022F,RESISTOR,1005 F 10.2K,9093
,304RS103J1,RESISTOR,1005 J 10K,3350
,304RS1202F,RESISTOR,1005 F 12K,9664
,304RS1961F,RESISTOR,1005 F 1.96K,9583
,304RS1R00F,RESISTOR,1005 F 1R,9240
,304RS2002F,RESISTOR,1005 F 20K,9409
,304RS203J1,RESISTOR,1005 J 20K,8858
,304RS2200F,RESISTOR,1005 F 220R,17808
,304RS2201F,RESISTOR,1005 F 2.2K,8926
,304RS22R0F,RESISTOR,1005 F 22R,2982
,304RS2322F,RESISTOR,1005 F 23.2K,9535
,304RS2400F,RESISTOR,1005 F 240R,18856
,304RS2942F,RESISTOR,1005 F 29.4K,9291
,304RS2R20F,RESISTOR,1005 F 2.2R,9144
,304RS3241F,RESISTOR,1005 F 3.24K,9581
,304RS3300F,RESISTOR,1005 F 330R,19571
,304RS3323F,RESISTOR,1005 F 332K,9582
,304RS33R0F,RESISTOR,1005 F 33R,19025
,304RS393J1,RESISTOR,1005 J 39K,8845
,304RS39R0F,RESISTOR,1005 F 39R,9328
,304RS4700F,RESISTOR,1005 F 470R,11206
,304RS4701F,RESISTOR,1005 F 4.7K,8770
,304RS4702F,RESISTOR,1005 F 47K,18374
,304RS471J1,RESISTOR,1005 J 470R,5560
,304RS4871F,RESISTOR,1005 F 4.87K,9946
,304RS4992F,RESISTOR,1005 F 49.9K,818
,304RS49R9F,RESISTOR,1005 F 49.9R,17571
,304RS5101F,RESISTOR,1005 F 5.1K,1160
,304RS5621F,RESISTOR,1005 F 5.62K,18837
,304RS6191F,RESISTOR,1005 F 6.19K,17434
,304RS6800F,RESISTOR,1005 F 680R,9517
,304RS6801F,RESISTOR,1005 F 6.8K,9431
,304RS6802F,RESISTOR,1005 F 68K,9529
,304RS6812F,RESISTOR,1005 F 68.1K,9348
,304S0011AA,SD CARD SOCKET,10NT-0011AAAS09A,892
,304SC3224R,SUPER CAPACITOR,DMS3R3224R,1811
,304SKHS22C,SLIDE SWITCH,KHS22C,2688
,304TA476MP,CHIP TANATL,A 47uF M 10V,1767
,304TB106KA,CHIP TANTAL,B 10uF K 25V,3710
,304TB107KP,CHIP TANTAL,B 100uF K 10V,4624
,304TB476KQ,CHIP TANTAL,B 47uF K 6.3V(M급 가능),542
,304TC106KL,CHIP TANATL,C 10uF K 35V,127
,304TC10835,TANTAL,0.1uF/35V/10%/A,1400
,304TC225KL,CHIP TANATL,C 2.2uF K 35V,622
,304TC475KL,CHIP TANATL,C 4.7uF K 35V,268
,304TC685ML,CHIP TANATL,C 6.8uF M 35V (K급 공용),492
,304TD336KA,CHIP TANTAL,D 33UF K 25V,3894
,304TD476KO,CHIP TANATL,D 47uF K 16V,5143
,304TP105KI,CHIP TANATL,P 1uF M 20V,1439
,304TR1387F,TR,BSS138-7-F,2883
,304TR17MPX,TR,LM1117MPX-3.3,3495
,304TR2SB13,TR,2SB1386,66
,304TR356AP,TR,NDS356AP,1876
,304TR3904S,TR,2N3904S / MMBT3904,2531
,304TR6675B,TR,FDS6675BZ,2431
,304TR7805E,TR,KA7805ERTM,1619
,304TRSM712,TR,SM712.TC,1142
,304V1210NH,CHIP VARISTOR,V18MLA1210NH,1960
,304X10MSX1,X-TAL,10MHz(SX-1),2633
,304X12M20P,X-TAL,"12MHZ(SX-32, 12pF 30ppm)",950
,304X12MSX3,X-TAL,"12MHZ(SX-32, 18pF 30ppm)",6598
,304X12MSX8,X-TAL,"12MHZ(SX-8, 18pF 20ppm)",894
,304X25M11W,X-TAL,ABM11W-25.0000MHZ-8-D1X-T3,763
,304X25MS32,X-TAL,"25MHZ(SX-32, 18pF 20ppm)",837
,304XS32768,X-TAL,SSPT7F-12.5PF20-R [32.768KHZ 12.5PF 20PPM],1751
,305I025E48,IC,24AA025E48T-I/OT,779
,305I04EPWR,IC,TXS0104EPWR,1685
,305I061150,IC,HCPL-0611-500E,955
,305I064AFG,IC,TD62064AFG,1086
,305I101GRI,IC,IP101GRI,742
,305I107VCT,IC,STM32F107VCT6,270
,305I1086S3,IC,FAN1086S33X,341
,305I12F182,IC,PIC12F1822 - I/SL,3057
,305I1432BD,IC,ISO1432BDWR,75
,305I14878A,IC,MAX14878AWE+,20
,305I16502T,IC,MCP16502TAA-E/S8B,348
,305I16T245,IC,SN74AVC16T245DGG,1900
,305I17544A,IC,MAX17544ATP+,2801
,305I1761ES,IC,LT1761ES5-3.3,2100
,305I17623A,IC,MAX17623ATA+,1175
,305I17624A,IC,MAX17624ATA+,1378
,305I1778F1,IC,LPC1778FBD144,5
,305I1ED020,IC,1ED020I12F2XUMA1 (ISO5852SDW 대치품),108
,305I1G125G,IC,74LVC1G125GW,770
,305I20261Y,IC,MIC2026-1YM,1352
,305I24C01C,IC,AT24C01C-SSHM-T / 24C01A-I/SN,2744
,305I2575S5,IC,LM2575SX-5.0,461
,305I2576S5,IC,LM2576D2TR4-5G,749
,305I25N01G,IC,W25N01GVZEIG,4894
,305I25PE16,IC,M25PE16-VMW6TG -> W25Q128JVSSIQ 변경예정,159
,305I26S31S,IC,AM26LS31SC,4
,305I2803AF,IC,"ULN2803AFWG(5,EL,M)",367
,305I28C642,IC,AT28HC64B-12JI,100
,305I29LV16,IC,AM29LV160DB-120EC,302
,305I318PWP,IC,TPS767D318PWPR,1936
,305I321L2P,IC,IDT71V321L25PFGI,177
,305I3222CT,IC,ST3222CTR,622
,305I3232EE,IC,SP3232EEY-L/TR,2422
,305I32F103,IC,STM32F103C8T6,814
,305I3400AR,IC,ADUM3400ARWZ,294
,305I3401AR,IC,ADUM3401ARWZ,300
,305I373DWR,IC,SN74HC373DWR,50
,305I4020DR,IC,SN74HC4020DR,2491
,305I45DB16,IC,AT45DB161D-SU,58
,305I4831DY,IC,SI4831DY-T1,3186
,305I51031G,IC,CS51031GD8,4002
,305I541DWR,IC,SN74HC541DWR,836
,305I54231D,IC,TPS54231DR,1614
,305I563DWR,IC,SN74HC563DWR(74HC563D),4686
,305I574DWR,IC,SN74HC574DWR,3746
,305I574PW,IC,SN74HC574PW,134
,305I62084A,IC,TD62084AFG,2321
,305I6244DG,IC,SN74LVC16244ADGGR,1606
,305I6323LX,IC,EM6323LXSP5B-2.6+,1874
,305I640DWR,IC,SN74HC640DWR,2113
,305I65HVD0,IC,SN65HVD07DR,1386
,305I688DWR,IC,SN74HC688DWR,1474
,305I7404DR,IC,SN74LVC04ADR / 74LVC04,377
,305I74F14D,IC,74F14D,335
,305I74H00R,IC,HD74HC00RPEL,3847
,305I74H02R,IC,HD74HC02RPEL,4124
,305I74H14R,IC,HD74HC14RPEL,6501
,305I74H32R,IC,HD74HC32RPEL,5422
,305I74H540,IC,74HC541D(NXP),1050
,305I74H541,IC,HD74HC541RPEL,402
,305I74H573,IC,HD74HC573RPEL,1025
,305I74HC1D,IC,SN74HC161DR / HD74HC161RPEL,747
,305I74HC27,IC,SN74HC27D,2271
,305I74LVC1,IC,SN74LVC1G14DCKR,1866
,305I7800A5,IC,HCPL-7800A-500E,1697
,305I7SZ126,IC,NL17SZ126DFT2G,2402
,305I9555AP,IC,PCA9555APW,26
,305I980DK7,IC,NUC980DK71YC,899
,305IA5D26C,IC,ATSAMA5D26C-CU,210
,305IA816AU,IC,ATMEGA8-AU / ATMEGA8A-AU,1853
,305IAC540D,IC,MC74AC540DW,61
,305IACT540,IC,MC74ACT540MELG,6693
,305IAD7864,IC,AD7864BSZ,56
,305IB0102D,IC,TXB0102DCUR,819
,305IC4245A,IC,74LVC4245A(SOP-24P),950
,305ICT541M,IC,CD74ACT541M96,1087
,305IDS1232,IC,DS1232LPS-2+t&R,49
,305IEPM712,IC,EPM7128STC100-6W,53
,305IF102BU,IC,REF102BU,25
,305IFT212R,IC,FT232RL,812
,305IGAL16V,DIP IC,GAL16V8D-15LJN,50
,305IHC03AN,DIP IC,MC74HC03AN,300
,305IHC109D,IC,SN74HC109DR,2124
,305IHC11DR,IC,SN74HC11DR,5289
,305IHC132D,IC,SN74HC132DR,3922
,305IHC154M,IC,CD74HC154M96,3236
,305IHC191D,IC,SN74HC191DR,2885
,305IHC244R,IC,SN74HC244DWR,1754
,305IHC393D,IC,SN74HC393DR,5722
,305IHC574D,IC,74HC245D/ (SN74HC245DWR),1767
,305IHC7474,IC,74HC74D,98
,305IHC74HC,IC,HD74HC74RPEL,90
,305IHC86D1,IC,74HC86D,3202
,305IHCT04P,IC,74HCT04PW,651
,305IHCT14D,IC,SN74HCT14DR,12717
,305IHCT154,IC,SN74HCT154DWR (CD74HCT154M96),610
,305IHCT541,IC,HD74HCT541FPEL,356
,305IHCT74D,IC,SN74HCT574DWR,27
,305IHVD178,IC,SN65HVD1780DR,2185
,305IHVD230,IC,SN65HVD230DR,428
,305IHY6264,DIP IC,HY6264ALP-10,41
,305IIP175D,IC,IP175DLFI,61
,305IK128M1,IC,MT41K128M16JT-107 IT:K,84
,305IK6TC2E,IC,K6T1008C2E-GB70/KM681000CLP-7/TC551001CP,67
,305ILC78A0,IC,ACPL-C78A-500E,3570
,305ILM319M,IC,LM319MX,48
,305ILM7332,IC,LM7332MAX,57
,305ILV245P,IC,74LV245PW(TSSOP-20),1010
,305ILV32DB,IC,74LV32DB,1010
,305ILV573P,IC,74LV573PW,6800
,305ILVT14P,IC,74LVT14PW,2638
,305IM453VG,IC,M453VG6AE,20
,305IMAX82M,IC,MAX823M-EUK+T ,3265
,305IMTFC4G,IC,MTFC4GACAJCN-4M IT / THGBMNG5D1LBAIT,117
,305INLSF59,IC,NLSF595,1474
,305IP0524P,IC,RCLAMP0524PATCT ,1845
,305IP7940N,IC,MCP7940N-I/SN,2759
,305IQF128A,IC,AT25QF128A-SHB-T / AT25SF128A-SHB-T,24
,305ISB42MU,IC,FSUSB42MUX,26
,305ISJA100,IC,SJA1000T,835
,305ISN7408,IC,SN74HCT08DR,570
,305ISP2525,IC,SP2525A-1EN-L/TR,41
,305ISP3002,IC,SP3002-04UTG,774
,305ISTE10A,IC,STE101P-1A,50
,305ITCN75A,IC,TCN75AVOA713,3116
,305ITS812C,IC,TS8121CM-HF,200
,305IUSBLC6,IC,"USBLC6-2SC6, STM, SOT23-6",3546
,305IVC245D,IC,SN74LVC8T245DWR,320
,305IVMW6TG,IC,M45PE16-VMW6TG,688
,305IX232CW,IC,MAX232CWE,326
,305IZT121L,IC,ZT232LEEN,16
,306E008BOP,LED MODULE,WJE-008BOPG,197
,306E2027UO,LED MODULE,WJE-2027UO,100
,306E2057GO,DOT MATRIX DISPLAY,WJE-2057GO,200
,306E208UOA,LED MODULE,WJE-208UOA (무시트),179
,306E3212SC,LED MODULE,WJE-A3212SR(S.P) 점검,100
,306E3212SR,LED MODULE,WJE-A3212SR(S.P) 이사중,100
,306E3212SU,LED MODULE,WJE-A3212SR(S.P) 만원,100
,306E3232UP,LED MODULE,WJE-3232UO,26
,306E477UW1,DOT MATRIX DISPLAY,WJE-477UW,8
,306ES2470H,LED MODULE SHEET,WJE-2470 SHEET HYUNDAI(작은글씨),200
,306ES3232U,LED MODULE SHEET,WJE-3232UO SHEET(삼각형),216
,306LA401VN,7-Segment,LA-401VN (RED COLOR),426
,306LCD1621,LCD,LC1621-SMLYH6-RC,795
,306LED214G,DIP LED,"BL-B2141 (3파이, GREEN)",13135
,306SE410UR,7-Segment,WJE-410UR,1668
,306SR1056A,LED(7-SEGMENT),SR-1056A-1,25
,3070A250V3,FUSE,10A 250V(30mm),1340
,3072A125V1,PICO FUSE,"PICO FUSE 1/2A, 125V",3398
,3072A125VP,PICO FUSE,"PICO 2A, 125V",490
,3075F250V3,FUSE,5A 30MM SM(250V 5A (SM)/(0313005.MXP)),425
,307B06N35,육각지지대,[M3x5너트형],5265
,307BOM3X75,육각지지대,육각지지대 [M3X7X5],2390
,307BT36280,BATTERY,3.6V280mAh_3/CP300H(3PIN)1:2,207
,307BTNI36V,BATTERY,"NiMH 3.6V, 70mAh 1:01",24
,307BTRN1BL,BUTTON,PPRN1BL,3
,307BTRN3BL,BUTTON,PPRN3BL,4
,307BTRN5BL,BUTTON,PPRN5BL/F,5
,307CC150KB,DIP CERAMIC CAPACITOR,15PF(CC50V DH15J05FK),2457
,307CC471KB,DIP CERAMIC CAPACITOR,470PF(B471)-K급,360
,307CCB102K,DIP CERAMIC CAPACITOR,1NF(B102)-K급,3000
,307CCF104Z,CHIP CONDENSOR,50V F104Z,6400
,307CEL25P1,DIP CT,EL25P1,781
,307CN002CD,DIP CONNECTOR,211B-002CD2A4D,858
,307CN08RMG,DIP CONNECTOR,MR-8RMA (G),1
,307CN1022W,DIP CONNECTOR,USB-BF-1022W (Type B),1595
,307CN10500,DIP CONNECTOR,105057-0001 (USB-A),428
,307CN11DSA,DIP CONNECTOR,MDF7-11S-2.54DSA (WBVF MRL GATE용),29
,307CN20342,DIP CONNECTOR,172034-2(RED),47
,307CN20344,DIP CONNECTOR,172034-4(GREEN),159
,307CN205AD,DIP CONNECTOR,USB-205 [USB A DUAL 2단],38
,307CN205FB,DIP CONNECTOR,USB205FB-C1014228,424
,307CN20DSA,DIP CONNECTOR,MDF7-20S-2.54DSA (WBVF MRL GATE용),34
,307CN256S5,DIP CONNECTOR,"MSTB 2,5/6-ST-5,08 (HOUSING)",300
,307CN35032,DIP CONNECTOR,35328-0360(2번핀제거),412
,307CN350H4,TERMINAL BLOCK,BCH-350H-4 GN,51
,307CN3594P,DIP CONNECTOR,35977-0400(4P) / VHR-4N,2400
,307CN4502A,DIP CONNECTOR,5045-02A,2723
,307CN4510A,DIP CONNECTOR,5045-10A,2030
,307CN48204,DIP CONNECTOR,USB TYPE A,41
,307CN50510,DIP CONNECTOR,53015-0510,500
,307CN657PT,DIP CONNECTOR,657PT-SD(RJ45),187
,307CN6604O,DIP CONNECTOR,5566-04A (ORANGE),280
,307CN6802A,DIP CONNECTOR,5268-02A,770
,307CN6808A,DIP CONNECTOR,5268-08A,880
,307CN6902A,DIP CONNECTOR,5569-02A / LAD1140-02,568
,307CN7306A,DIP CONNECTOR,5273-06A,370
,307CN7308A,DIP CONNECTOR,5273-08A,2165
,307CN7309A,DIP CONNECTOR,5273-09A,250
,307CN87831,DIP CONNECTOR,87831-1420,1654
,307CNA16PA,DIP CONNECTOR,HIF3BA-16PA-2.54DSA,373
,307CNA2031,DIP CONNECTOR,XG4A-2031,2541
,307CNA20PS,DIP CONNECTOR,HIF3BA-20PA-2.54DS(angle),89
,307CNA60PA,DIP CONNECTOR,HIF3BA-60PA-2.54DSA,141
,307CNA8891,DIP CONNECTOR,8891-4R  (1524-4441),4
,307CNAR623,CONNECTOR,AR-623PCS6,64
,307CNB06P4,DIP CONNECTOR,HIF3FB-6PA-2.54DSA(4번 PIN제거),305
,307CNB2PSV,DIP CONNECTOR,B2PS-VH,919
,307CNB30PA,DIP CONNECTOR,HIF3FB-30PA-2.54DSA,23
,307CNB34PA,DIP CONNECTOR,HIF3FB-34PA-2.54DSA,305
,307CNB34RA,CONNECTOR,HIF3FB-34PA-2.54DS,42
,307CNB3P5V,DIP CONNECTOR,B3P5-VH(2.4번 핀제거),304
,307CNB3P7V,DIP CONNECTOR,"B3P7-VH(2,3,5,6번 핀제거)",570
,307CNB4PVB,DIP CONNECTOR,B4P-VH(BLUE),994
,307CNB6P9V,DIP CONNECTOR,"B6P9-VH(2,5,7번 핀제거)",140
,307CNBR5C2,DIP CONNECTOR,BR-500C (2PIN),404
,307CNBR5C3,DIP CONNECTOR,BR-500C (3PIN),122
,307CNC1631,DIP CONNECTOR,XG4C-1631,163
,307CNEM258,DIP CONNECTOR,"EMSTBA 2,5/8-G-5,08",49
,307CNEY15S,DIP CONNECTOR,KHEY-15S-1A3A(D-SUB/JST),1415
,307CNF16PA,DIP CONNECTOR,HIF3F-16PA-DS(2.54),182
,307CNGA020,DIP CONNECTOR,GA396-02 / (B2PS-VH),1000
,307CNGA030,DIP CONNECTOR,GA396-03 / (B3PS-VH),1000
,307CNGW053,DIP CONNECTOR,"GW396-05(5-3)(2,4) / (B3P5-VH)",1000
,307CNGW05R,DIP CONNECTOR,GW396-05 RED / (B5P-VH RED),998
,307CNGW060,DIP CONNECTOR,GW396-06 / (B6P-VH),184
,307CNGW080,DIP CONNECTOR,GW396-08 / (B8P-VH),485
,307CNGW086,DIP CONNECTOR,"GW396-08(8-6)(3,6) / (B6P8-VH)",500
,307CNGW08B,DIP CONNECTOR,GW396-08 BLUE / (B8P-VH BLUE),498
,307CNGW53R,DIP CONNECTOR,"GW396-05(5-3)(2,4) RED / (B3P5-VH RED)",1000
,307CNH1631,DIP CONNECTOR,XG4H-1631,8
,307CNH350H,DIP CONNECTOR,BR-350SLH(7PIN)/BCH-350H-7GN,460
,307CNM2506,DIP CONNECTOR,"MSTBA 2,5/6-G-5,08 (HEADER)",132
,307CNMC9FF,CONNECTOR,NM-C9FF,780
,307CNRDEB9,DIP CONNECTOR,"RDEB-9P(Right angle,male) / DR-809MKSBA",401
,307CNSC601,DIP CONNECTOR,SC601-56S-LED(G-Y)-8P8C-EMI,802
,307CNSL051,DIP CONNECTOR,SL 5.08HC/05/180 (1146410000),7
,307CNV511B,DIP CONNECTOR,RVJ-ZZ-0053/RJV511B-147AA2A8D,3433
,307CPPCBCN,CABLE,CABLE 3종 & CABLE CONNECTER(YELLOW),87
,307CR104F5,DIP CEMENT RESISTOR,100K 1% 5W,91
,307CR80RJ3,DIP CEMENT RESISTOR,80R 5% 30W,130
,307CSBB100,CASE,BOTTOM(HHT-WB100) Blue Case,104
,307CSTB100,CASE,TOP(HHT-WB100) Blue Case,104
,307D15XB60,DIP DIODE,D15XB60[SHINDENGEN],31
,307D1N4003,DIP DIODE,1N4003,3020
,307D1N4004,DIP DIODE,1N4004,1064
,307D1N4740,DIP DIODE,1N4740,1760
,307D1N5408,DIP DIODE,1N5408,1561
,307D1N5817,DIP DIODE,1N5817,1438
,307D1N5819,DIP DIODE,1N5819,9604
,307DAPG12V,DC 아답타,"PGJA1200200W1M2 (100-240V,12V,2A)",259
,307DIN4744,DIP DIODE,1N4744,120
,307DIN4751,DIP DIODE,1N4751,760
,307DRFD110,DIP DIODE,IRFD110,1400
,307DTMPG06,DIP DIODE,TMPG06-15A,8327
,307EA33731,DIP ELEC CAPACITOR,TDA 330uF 315V(25.4*40),28
,307EG47650,DIP ELEC CAPACITOR,KMG 47uF 50V(6.3*11),225
,307EJBIEJ1,EJECTOR,부일_BI-EJ101(고정핀포함),355
,307EL10550,DIP ELEC CAPACITOR,SHL 1UF 50V(5X11),200
,307EL10651,DIP ELEC CAPACITOR,SHL 10uF 50V(5*11),1360
,307EL10716,DIP ELEC CAPACITOR,SHL 100uF 16V(5*11),2550
,307EL10725,DIP ELEC CAPACITOR,SHL 100uF 25V(6.3X11),365
,307EL10825,DIP ELEC CAPACITOR,SHL 1000UF 25V (10X20),748
,307EL22501,DIP ELEC CAPACITOR,SHL 2200uF 50V(12.5×16),1
,307EL2271K,DIP ELEC CAPACITOR,KMG 220uF 16V /6.3*11,1660
,307EL47716,DIP ELEC CAPACITOR,SHL 470uF 16V(8*11.5),2160
,307ER82720,DIP ELEC CAPACITOR,RLC 820uF 200V(25.4*45),99
,307FC104J6,FILM CAPACITOR,MMKP 0.1uF 5% 630V,48
,307FC222J1,FILM CAPACITOR,FKS2 2200pF 5% 100Vdc,11576
,307FC506J1,FILM CAPACITOR,MKP-LS 50uF 5% 1200V,2
,307I0505LS,DIP IC,IB0505LS-1W,300
,307I11172L,DIP IC,LT1172CN8,297
,307I27C010,DIP IC,TMS27C010,112
,307I2842BN,DIP IC,UC2842BN,8000
,307I65HVD0,DIP IC,SN65HVD07(DIP-8),400
,307I6N136M,DIP IC,6N136M,1761
,307I74HC77,DIP IC,74HC77 (HD74HC77P),215
,307I75157P,DIP IC,SN75157 / SN75157P,25
,307IA1020B,DIP IC,A1020B-PL84I,29
,307IALS518,DIP IC,74ALS518 (SN74ALS518N),51
,307IALS519,DIP IC,74ALS519 / SN74ALS519N,611
,307IAS230N,DIP IC,74HC230 (SN74AS230N),136
,307IAT2815,DIP IC,AT28C16-15PC,100
,307IAT8924,DIP IC,AT89C52-24PC,249
,307IAT89C2,DIP IC,AT89C2051-24PC,213
,307IAT9310,DIP IC,AT93C56-10PC,200
,307IC186EB,DIP IC,EN80C186EB-13,247
,307ID0108C,DIP IC,D70108C(D70108C-8),3
,307ID1011C,DIP IC,D71011C,1
,307ID1054C,DIP IC,D71054C(UPD71054C),9
,307ID1059C,DIP IC,D71059C,1
,307ID1084C,DIP IC,D71084C,1
,307ID1088C,DIP IC,D71088C,219
,307IDS1609,DIP IC,DS1609,264
,307IE3C16M,DIP IC,EX0-3C 16.000M,49
,307IHC137E,DIP IC,74LS137 / CD74HC137E,51
,307IHC138D,IC,SN74HC138DR,1699
,307IHC20N1,DIP IC,74LS20/HD74HC20/SN74HC20N,151
,307IHDH564,DIP IC,HD74HC564P,128
,307IHEF40B,DIP IC,HEF4051BP,549
,307IHY6264,DIP IC,HY6264ALP-70,291
,307IKM6225,DIP IC,KM62256ALP-10,49
,307ILTC691,DIP IC,LTC691IN/MAX691CPE,263
,307IM27C25,DIP IC,M27C256B-12F1,832
,307IM705AN,DIP IC,ADM705AN,375
,307IM81C55,DIP IC,MSM81C55-5RS,104
,307IMAX641,DIP IC,MAX641ACPA,149
,307IMB8422,DIP IC,MB8422-90L,1
,307IMC1449,DIP IC,MC14490PG,41
,307IMC1453,DIP IC,MC14538BP/MC14538BCP,20
,307IRM0505S,DIP IC,RM-0505S,136
,307ISN573A,IC,SN74HC573ADWR ,949
,307ISN7373,DIP IC,SN74HC373N,1070
,307ISN7374,DIP IC,SN74HC374N,1070
,307ISN7406,DIP IC,SN7406N,150
,307ISNH02N,DIP IC,SN74HC02N,50
,307ISNH05N,DIP IC,SN74HC05N,165
,307ISNH139,DIP IC,SN74HC139N,299
,307ISNH161,DIP IC,SN74HC161N,93
,307ISNH245,DIP IC,SN74HC245N,179
,307ISNH32N,DIP IC,SN74HC32N,396
,307ISNH404,DIP IC,SN74HC4040N,596
,307ISNH573,DIP IC,SN74HC573N,1147
,307ISNH74N,DIP IC,SN74HC74N,1138
,307ISNT245,DIP IC,SN74HCT245N,140
,307ISNT541,DIP IC,SN74HCT541N,1191
,307ITB331K,DIP INDUCTOR,AL05 TB 331K(330uH),1232
,307ITL7705,DIP IC,TL7705ACP,841
,307IULN28A,DIP IC,ULN2803APG(CNHZN),141
,307JP120MM,JUMPER WIRE,"120mm Ф0.6X12.5mm ""ㄷ""형",9000
,307JP625U,JUMPER(WIRE),"Ф0.6x2.5( ""u""형) 2-3 SHORT",4890
,307JUMPW10,JUMPER WIRE,10mm,7500
,307JUMPWX,JUMPER WIRE,X-TAL 고정용,110
,307KEYEMGR,키뭉치 / P=3120,MS-826 (리모트 비상용 적용),3000
,307LB3141Y,DIP LED,BL-B3141 Yellow(3파이),1725
,307LBST201,DIP LED,"BST201 R,G(Φ3 R,G 투톤)",300
,307LED313G,DIP LED,LG30240 (G) /B3131-S 3파이,2850
,307LED313R,DIP LED,LH30240 (R) / B3131-S 3파이,5000
,307LED313Y,DIP LED,LY30240 (Y) / B3131-S 3파이,140
,307LED403A,DIP LED,L403AD-SS (4각 2X5 무턱_Orange),2220
,307N0606RA,DIP INDUCTOR,EL0606RA-101,6160
,307N53N15A,NFB,DBS 53N 15A,12
,307N54N50A,NFB,DBS 54N 50A,40
,307NDR221U,INDUCTOR,DR0811-221(220uH),540
,307NF222MT,NOISE FILTER,CFI06B1H222M(HLC 1H 222MT)_NF222,2450
,307NI13101,DIP INDUCTOR,100UH(IR13-101),295
,307NI13221,DIP INDUCTOR,220uH(IR13-221),301
,307OMR1521,OPTICAL MODULE,HFBR T-1521,11
,307OMR2521,OPTICAL MODULE,HFBR R-2521,6
,307OT02MHZ,DIP OSC,2MHz(SCO-020),44
,307OT12MHZ,DIP OSC,12MHz(SCO-020),1150
,307OT24MHZ,DIP OSC,24MHZ(SCO-020),51
,307PH16PA2,DIP PIN HEADER,A2-16PA-2.54DSA 14m/m (straight),700
,307PH200PA,DIP PIN HEADER,A2-2PA-2.00DSA(straight),1687
,307PH40PHA,DIP PIN HEADER,A3-40PA-2DSA / 2.0PH 2X20 DIP,153
,307PH4PA23,DIP PIN HEADER,"A2-4PA-2.54DSA(2,3핀제거) 30mm",1689
,307PH5PADA,DIP PIN HEADER,A2-5PA-2.54DSA(straight),1983
,307PH5X2DA,DIP PIN HEADER,"A1-10PA-DSA(HEADER 5X2, 2.54mm)",100
,307PTLP550,DIP PHOTO COUPLER,TLP550,2
,307R12153F,DIP RESISTOR,1/2W F 15K,1200
,307R12205F,DIP RESISTOR,1/2W F  2M,2000
,307R14100J,DIP RESISTOR,1/4W J 100R,17160
,307R14102J,DIP RESISTOR,1/4W J 1K,6809
,307R14104J,DIP RESISTOR,1/4W J 100K,6500
,307R141052,DIP RESISTOR,1/4W F 10.5K,46
,307R14122J,DIP RESISTOR,1/4W J 1.2K,470
,307R14150B,DIP RESISTOR,1/4W B 15R,360
,307R14203J,DIP RESISTOR,1/4W J 20K,4400
,307R14220J,DIP RESISTOR,1/4W J 22R,180
,307R14222J,RESISTOR,1/4W J 2.2K,670
,307R14240B,DIP RESISTOR,1/4W B 24R,1590
,307R14242F,DIP RESISTOR,1/4W F 24K,51
,307R14302J,DIP RESISTOR,1/4W J 3K,50
,307R14332J,DIP RESISTOR,1/4W J 3.3K,3600
,307R14333J,DIP RESISTOR,1/4W J 330K,3480
,307R14362F,DIP RESISTOR,1/4W F 3.6K,51
,307R14391J,DIP RESISTOR,1/4W J 390R,99
,307R14400B,DIP RESISTOR,1/4W B 40R,5200
,307R14471J,DIP RESISTOR,1/4W J 470R,6800
,307R14472J,DIP RESISTOR,1/4W J 4.7K,5802
,307R14500B,DIP RESISTOR,1/4W B 50R,4000
,307R14511J,DIP RESISTOR,1/4W J 510R,200
,307R14561J,DIP RESISTOR,1/4W J 560R,51
,307R14562J,DIP RESISTOR,1/4W J 5.6K,8600
,307R14563J,DIP RESISTOR,1/4W J 56R,245
,307R14600B,DIP RESISTOR,1/4W B 60R,26150
,307R14D153,DIP RESISTOR,1/4W D 15K,4800
,307R14D374,DIP RESISTOR,1/4W D 3.74K,4800
,307R15621B,DIP RESISTOR,1/4W B 5.62KR,4927
,307R16481B,DIP RESISTOR,1/4W B 6.48KR,2874
,307R1W124F,DIP RESISTOR,1W F 120K,2663
,307R1W201F,DIP RESISTOR,1W F 200R,1900
,307R1W20RF,DIP RESISTOR,1W F 20R,400
,307R1W242F,DIP RESISTOR,1W F 2.4K,495
,307R1W272F,DIP RESISTOR,1W F 2.7K,1180
,307R1W511F,DIP RESISTOR,1W F 510R,250
,307R256024,DIP RELAY,"PWR256024P, DC24V(WEIDMULLER)",5
,307R2W0R5J,DIP RESISTOR,2W J 0.5R,64
,307R2W333J,DIP RESISTOR,2W J 33K,100
,307R2W434J,DIP RESISTOR,2W J 430K,623
,307R2W473J,DIP RESISTOR,2W J 47K,520
,307R2WR39F,DIP RESISTOR,2W F 3.9R,563
,307R3W123F,DIP RESISTOR,3W F 120K,1270
,307R3W222J,DIP RESISTOR,3W J 2.2K,350
,307R3W250F,DIP RESISTOR,3W F 25R,436
,307R4X103J,DIP ARRAY RESISTOR,4X103J,52
,307R5X331J,DIP ARRAY RESISTOR,5X331J / 5A331G,21
,307R6X103J,DIP ARRAY RESISTOR,6X103J,50
,307R7X103J,DIP ARRAY RESISTOR,7X103J,52
,307R8Y562K,DIP ARRAY RESISTOR,8Y562 (5.6K),648
,307R9X104G,DIP ARRAY RESISTOR,9X 104G,500
,307R9X202J,DIP ARRAY RESISTOR,5X202J,450
,307R9X222J,DIP ARRAY RESISTOR,5X222J,300
,307R9X331J,DIP ARRAY RESISTOR,9X331J / 9A331G,100
,307R9X391J,DIP ARRAY RESISTOR,9X391J,303
,307R9X473J,DIP ARRAY RESISTOR,9X473J,17
,307R9X683J,DIP ARRAY RESISTOR,9X683J,5
,307R9X8Y471,DIP ARRAY RESISTOR,8Y471J (8B471),1300
,307RDSP05V,DIP RELAY,DSP1-DC5V-F,61
,307RE24024,DIP RELAY,RTE24024,802
,307RLY2N24,DIP RELAY,LY2N DC24,202
,307RMY424V,DIP RELAY,MY4-DC24V,525
,307RMY4N11,DIP RELAY,MY-4N DC110V,150
,307RPA1A5V,DIP RELAY,PA1a-5V,1000
,307RQ2DC5V,DIP RELAY,TQ2-DC5V,947
,307RRY5WK0,DIP RELAY,RY5W-K,50
,307RS20PIN,ROUND SOCKET,"ROUND SOCKET, 20PIN",129
,307RS24PIN,ROUND SOCKET,"ROUND SOCKET, 24PIN",20
,307RS28PIN,ROUND SOCKET,"ROUND SOCKET, 28PIN",1238
,307RTH3Y5S,RELAY TIMER,H3Y-2 DC24V 5SEC,84
,307SC20603,DIP SWITCH,CTS206-03,124
,307SC20604,DIP SWITCH,CTS206-04,152
,307SC20606,DIP SWITCH,CTS206-06(EDG-106S),24
,307SC20608,DIP SWITCH,CTS206-08(EDG-108S),102
,307SKSD42H,DIP SWITCH (SMD),KSD42S (KSD42HS),37
,307SKSD82H,DIP SWITCH (SMD),KSD82S (KSD82HS),22
,307SPLCC84,DIP IC SOCKET,PLCC84P,171
,307SPLCC8B,DIP IC SOCKET,PLCC84P(BLACK),13
,307STECALL,STICKER (EJECTOR),CALL 투명,10550
,307STECONT,STICKER (EJECTOR),CONTROL 투명,10734
,307STENCOD,STICKER(EJECTOR),ENCODER 투명,15808
,307SUPDA12,육각지지대,DA6A(Sise6-12mm) (A-12),600
,307SW11031,DIP SWITCH,YST-1103 (13.5mm),126
,307SW1103B,SWITCH,YST-1103B(8.5),690
,307SW110AR,DIP SWITCH,YST-1101A(5.0)_RED,1845
,307SW5D0BL,SWITCH,PSMB5D0BL (SELECT),112
,307SW5T3BL,SWITCH,PSMB5T3BL (SELECT),3012
,307SW6SAS3,SELLECTOR S/W,KSL16SAS3-2,51
,307SWBSD10,DIP SWITCH,BSD-101,1730
,307SWK2KEY,SWITCH,KSL16SK2-1 KEY 2단,104
,307SWKCD11,SWITCH,KCD1-105 램프스위치,1128
,307SWR1A1B,SELLECTOR S/W,KEPB-16ER-R1A1B1,35
,307SWRFRM2,SWITCH,MRF-RM2 푸쉬버튼,196
,307SWS2SET,SWITCH,KSL16SS2-2 SET 2단,43
,307SWSMR2D,SWITCH,KPB16SM R2-하강,21
,307SWSMR2G,SWITCH,KPB16SM R2-공통,24
,307SWSMR2M,SWITCH,KPB16SM R2-무표시,10
,307SWSMR2U,SWITCH,KPB16SM R2-상승,36
,307T10616V,DIP TANTAL,10uF 16V,1525
,307T22616V,DIP TANTAL,22UF 16V(T/T),11
,307T2SC945,TRANSISTOR,2SC945 YC / C945YCF-07 (ENCO용-ECB),3
,307T33516V,DIP TANTAL,3.3uF 16V,150
,307T33616V,DIP TANTAL,33uF 16V,1
,307T47616V,DIP TANTAL,47UF 16V(T/T),1
,307TBUSC16,TERMINAL BLOCK,USC-52MHW 16P,27
,307TFBDW93,DIP TR,BDW93C,6
,307TFBDW94,DIP TR,BDW94C,45
,307TFPST60,TRANSFORMER,SJ-50A/PST60/DS-50A,1043
,307TI10835,DIP TANTAL,0.1UF 35V-T/T,485
,307TKTA1YA,TRANSISTOR,KTA1266-Y-AT/P(TO-92)(KEC),3570
,307TMBB18P,TERMINAL BLOCK,BR-1000C2C 18P,45
,307TNBK9SW,TERMINAL BLOCK,SA-9SW,212
,307TPGOLD1,TEST PIN,2단 금핀,1521
,307TR6N150,DIP TR,IXTH6N150 / STW12N150K5(ST),2113
,307TRIP122,DIP TR,TIP122,1400
,307V10D201,DIP VARISTOR,MOV-10D201KTR,768
,307VRB104K,DIP VR,GF063P B104K,139
,307VRB504K,DIP VR,GF063P1 B504K/TOCOS,339
,307VTLV25P,SENSOR,LV25-P/SP7,8
,307X12MHC4,X-TAL,12MHZ(HC-49U),135
,307X32768K,DIP X-TAL,32.768KHz,51
,307X32768M,DIP X-TAL,3.2768MHz,195
,307XATS20M,X-TAL,ATS-20MHZ(SUNNY),468
,308BOM4X40,BOLT,PAN(+)더블샘스-STEEL[M4X40],2250
,308NUTFYM4,NUT,후렌지너트-YE[M4],2300
,308SUPDA6N,육각 Support,"DABS-6N , Plastic",1480
,308WASHNM3,WASHER,평와샤-NI [M3],1100
,309CBHRTS5,GMON HRTS SERIAL CABLE,HDEB 9P-9S 1:1 ASSY 5M(시중품),100
,310F9238B2,FAN,9238B2HL,1032
,310FAN0014,FAN 4000RPM,DFL8038B24 3L(RD)-140MM 3P(35155-0300),322
,310FAN8025,FAN,8025B2HL (4구),183
,310FS02512,FUSE,0251.250NRT1L 125V 0.25A,3000
,310FS1R5AP,PICO FUSE,1.5A 125V (025101.5NRT1L),6657
,310MCMST25,MC,S-T25 AC220V 2a2b,114
,311PWT0987,PCB,WJE-0987 (MCPU),100
,311PWT1103,PCB ,WJE-1103 / TB-600 BD,83
,311PWT1110,PCB,WJE-1110 (MRL TCB),50
,311PWT1922,PCB,WJE-1922 (WBVF SIN ISO ENCODER),100
,311PWT2098,PCB,WTN-2098 (WBVF WDPWM HPI BD),500
,311PWT2297,PCB,WJE-2297 (WB100 GATE 5.5~15KW),100
,311PWT3857,PCB,WJE-3857 (DI-16),100
,313BOXHRTG,포장 BOX,GMON HRTS,425
,320MTT2G2H,멀티코드HM,2구2호16A-1.5M,358
,F04B12S221,CHIP BEAD,MPZ2012S221AT000,1540
,F04B21PG12,CHIP BEAD,BLM21PG121SN1D,4000
,F04BE0805P,CHIP BEAD,PE-0805PFB600ST,2939
,F04CA102KB,CHIP CAPACITOR,3216 1nF K 50V X7R,3987
,F04CA104KB,CHIP CAPACITOR,3216 100nF K 50V X7R,4000
,F04CA104KC,CHIP CAPACITOR,CL31B104KCFNNNE (3216 100nF K 100V X5R),3573
,F04CA223KB,CHIP CAPACITOR,3216 22nF K 50V X7R,3535
,F04CA225KB,CHIP CAPACITOR,CL31B225KBHNNNE (3216 2.2uF K 50V X7R),1629
,F04CA475KB,CHIP CAPACITOR,CL31B475KBHNNNE (3216 4.7uF K 50V X7R),2538
,F04CA475MA,CHIP CAPACITOR,GRM31CR61E476ME44L (3216 47uF M 25V X5R),1868
,F04CA475MQ,CHIP CAPACITOR,CL31A476MQHNNNE (3216 47uF M 6.3V X5R),1984
,F04CB105KB,CHIP CAPACITOR,1210B105K500 (3225 1uF K 50V X7R),3000
,F04CB107MP,CHIP CAPACITOR,C1210C107M4PAC7800 (3225 100uF M 10V X5R),431
,F04CB476KO,CHIP CAPACITOR,3225 47uF K 16V X5R,384
,F04CF104KA,CHIP CAPACITOR,CL03A104KA3NNNC (0603 100nF K 25V X5R),6233
,F04CF106KK,CHIP CAPACITOR,1812B103K202 (4532 10nF K 2KV),3970
,F04CJ103JB,CHIP CAPACITOR,0603N103J500CT (1608 10nF J 50V C0G),3876
,F04CJ104JB,CHIP CAPACITOR,CL10B104JB8NNNC (1608 100nF J 50V X7R),3328
,F04CJ106MA,CHIP CAPACITOR,CL10A106MA8NRNC (1608 10uF M 25V X5R),40649
,F04CJ150JB,CHIP CAPACITOR,0603N150J500CT (1608 15pF J 50V NP0),3344
,F04CJ151KB,CHIP CAPACITOR,1608 150pF 50V X7R,1995
,F04CJ152JB,CHIP CAPACITOR,CL10C152JB8NNNC (1608 1.5nF J 50V C0G),3986
,F04CJ182KB,CHIP CAPACITOR,CL10B182KB8NNNC (1608 1.8nF K 50V X7R),3097
,F04CJ200JB,CHIP CAPACITOR,CL10C200JB8NNNC (1608 20pF J 50V C0G),3475
,F04CJ220JB,CHIP CAPACITOR,CL10C220JB8NNNC (1608 22pF J 50V C0G),3649
,F04CJ223KB,CHIP CAPACITOR,CL10B223KB8NFNC (1608 22nF K 50V X7R),2153
,F04CJ225KB,CHIP CAPACITOR,GRM188R61H225KE11D (1608 2.2uF K 50V X7R),3796
,F04CJ226MO,CHIP CAPACITOR,CL10A226MO7JZNC (1608 22uF M 16V X5R),11841
,F04CJ300JB,CHIP CAPACITOR,0603N300J500CT (1608 30pF J 50V NP0),3266
,F04CJ472KB,CHIP CAPACITOR,0603B472K500CT (1608 4.7nF K 50V X7R),3687
,F04CJ474KB,CHIP CAPACITOR,CL10A474KB8NNNC (1608 470nF K 50V X5R),2083
,F04CJ476MQ,CHIP CAPACITOR,CL10A476MQ8QRNC (1608 47uF M 6.3V X5R),11819
,F04CJ4R7BB,CHIP CAPACITOR,CL10C4R7BB8NNNC (1608 4.7pF B 50V C0G),3923
,F04CJ684KA,CHIP CAPACITOR,1608 680nF K 25V X5R,3773
,F04CN27104,CONNECTOR,52271-0469(MOLEX),495
,F04CN31020,CONNECTOR,67503-1020(USB/miniB-F-5p/RA) / HW-MU-5F-13(023),907
,F04CN5HR04,CONNECTOR,10025HR-04 -> 10019HR-04,2189
,F04CNLW304,DIP CONNECTOR,LWB1143-04,97
,F04CNSM08B,CONNECTOR,SM08B-GHS-TB,1560
,F04CP050CB,CHIP CAPACITOR,CL21C050CBANNNC (2012 5pF C 50V C0G),3975
,F04CP080DB,CHIP CAPACITOR,0805N8R0D500CT (2012 8pF D 50V C0G),3971
,F04CP100CB,CHIP CAPACITOR,CL21C100CBANNNC (2012 10pF C 50V C0G),3939
,F04CP100JB,CHIP CAPACITOR,0805N100J500CT (2012 10pF J 50V C0G),3980
,F04CP101JB,CHIP CAPACITOR,CL21C101JBANNNC (2012 100pF J 50V C0G),3947
,F04CP102JB,CHIP CAPACITOR,CL21B102JBANNNC (2012 1nF J 50V X7R),3986
,F04CP104JB,CHIP CAPACITOR,CL21B104JBCNNNC (2012 100nF J 50V X7R),3736
,F04CP106KP,CHIP CAPACITOR,CL21A106KPFNNNE (2012 10uF K 10V X5R),16036
,F04CP106KPB,CHIP CAPACITOR,CL21B106KPQNNNE (2012 10uF K 10V X7R),1965
,F04CP150JB,CHIP CAPACITOR,CL21C150JBANNNC (2012 15pF J 50V C0G),3976
,F04CP156KA,CHIP CAPACITOR,0805B155K250CT (2012 1.5uF K 25V X7R),2986
,F04CP201JB,CHIP CAPACITOR,CL21C201JBANNNC (2012 200pF J 50V C0G),3971
,F04CP476MP,CHIP CAPACITOR,GRM21BR61A476ME15L (2012 47UF 10V X5R),2277
,F04CP680JB,CHIP CAPACITOR,CL21C680JBNC (2012 68pF J 50V C0G),3975
,F04CS020JB,CHIP CAPACITOR,0402N2R0C500CT (1005 2pF C 50V  C0G),8183
,F04CS0R8CB,CHIP CAPACITOR,1005 0.8pF C 50V NP0,14856
,F04CS100JB,CHIP CAPACITOR,CL05C100JB5NNNC (1005 10pF J 50V C0G),15257
,F04CS105KA,CHIP CAPACITOR,CL05A105KA5NQNC (1005 1uF K 25V X5R),9360
,F04CS105KB,CHIP CAPACITOR,GRM155R61H105KE05D (1005 1uF K 50V X5R),9619
,F04CS122JB,CHIP CAPACITOR,0402B122K500CT  (1005 1.2nF K 50V X7R),9900
,F04CS150JB,CHIP CAPACITOR,CL05C150JB5NNNC (1005 15pF J 50V C0G),15381
,F04CS152KB,CHIP CAPACITOR,CL05B152KB5NNNC (1005 1.5nF K 50V X7R),9585
,F04CS154KP,CHIP CAPACITOR,0402X154K100 (1005 150nF K 10V X5R),9935
,F04CS160JB,CHIP CAPACITOR,CL05C160JB5NNNC (1005 16pF J 50V C0G),5416
,F04CS201JB,CHIP CAPACITOR,CL05C201JB5NNNC (1005 200pF J 50V C0G),2504
,F04CS223KB,CHIP CAPACITOR,1005 22nF K 50V X7R,6550
,F04CS225KA,CHIP CAPACITOR,CL05A225KA5NUNC (1005 2.2uF K 25V X5R),8155
,F04CS226MP,CHIP CAPACITOR,GRM158R61A226ME15D (1005 22UF M 10V X5R),7774
,F04CS270JB,CHIP CAPACITOR,CL05C270JB5NNNC (1005 27pF J 50V C0G),9688
,F04CS272KB,CHIP CAPACITOR,0402B272K500CT (1005 2.7nF K 50V X7R),9912
,F04CS2R7CB,CHIP CAPACITOR,GRM1555C1H2R7CA01D (1005 2.7pF C 50V C0G),8834
,F04CS300JB,CHIP CAPACITOR,0402N300J500CT (1005 30pF J 50V C0G),9817
,F04CS332KB,CHIP CAPACITOR,CL05B332KB5NNNC (1005 3.3nF K 50V X7R),6823
,F04CS333KP,CHIP CAPACITOR,0402B333K160CT (1005 33nF K 16V X7R),9952
,F04CS392JB,CHIP CAPACITOR,0402B392K500CT (1005 3.9nF K 50V X7R),9846
,F04CS471KB,CHIP CAPACITOR,CL05B471KB5NNNC (1005 470pF K 50V X7R),16785
,F04CS680JB,CHIP CAPACITOR,0402N680J500CT (1005 68pF J 50V NPO),9868
,F04CS681KB,CHIP CAPACITOR,CL05B681KB5NNNC (1005 680pF K 50V X7R),9939
,F04CS6R0DB,CHIP CAPACITOR,CL05C060DB5NNNC (1005 6pF D 50V C0G),9692
,F04CS6R8CB,CHIP CAPACITOR,CL05C6R8CB5NNNC (1005 6.8pF C 50V C0G),6119
,F04CS7R0JB,CHIP CAPACITOR,0402N7R0D500CT (1005 7pF D 50V NP0),9904
,F04CS820JB,CHIP CAPACITOR,CL05C820JB5NNNC (1005 82p J 50V C0G),6173
,F04CS8R0CB,CHIP CAPACITOR,CL05C080CB5NNNC (1005 8pF C 50V COG),8269
,F04D140SFT,DIODE,MBR140SFT1G,1903
,F04D1N5819,DIODE,1N5819HW,2978
,F04DBAS21L,DIODE,BAS21LT3G,1946
,F04DBAT54L,DIODE,BAT54LT1G,2048
,F04DCDSOT2,DIODE,CDSOT23-SM712,45
,F04DLJ160C,DIODE,SMLJ160CA/Bourns,60
,F04DMBJ15A,DIODE,SMBJ15A / P6SMB18A,2495
,F04DMMBD70,DIODE,MMBD7000LT1G,2110
,F04DN4148W,DIODE,1N4148W-7-F,296
,F04DSMB15A,DIODE,P6SMB15AT3G / SZP6SMB15AT3G,1557
,F04DSMB68A,DIODE,P6SMB6.8A,1791
,F04E10035V,ELEC CAPACITOR,MVK 100uF 35V(8*10),412
,F04E22735M,ELEC CAPACITOR,MVK 220uF 35V(8*10),330
,F04E33735V,ELEC CAPACITOR,MVK 330uF 35V (10*10),472
,F04F900HL2,FILTER,DLP11SN900HL2L,2904
,F04FAIES12,FILTER,AIES12U020R2,10000
,F04L191KRK,CHIP LED,LTST-C191KRKT (1608 RED),83
,F04L2USO14,CHIP LED,LS-SP192USO14 (1608 ORANGE),45
,F04L310VTT,CHIP LED,SML-310VTT86(1608 RED),15
,F04LR1608S,CHIP LED,"HL-PST-1608S9AC [R,626-636]",3990
,F04N15A1N8,CHIP INDUCTOR,LQW15AN1N8C00D (1005 1.8nH),8822
,F04N15H3N0,CHIP INDUCTOR,LQG15HN3N0S02D(1005 3nH),5949
,F04N2F4R7M,CHIP INDUCTOR,DFE252012F-4R7M,2553
,F04N706022,CHIP INDUCTOR,SPS7060-220M,788
,F04NCMJ100,CHIP INDUCTOR,CM1608F100KT,3706
,F04OS03248,OSCILLATOR,OSC 5032 48MHZ 3.3V(H&SHIGHTECH),309
,F04RA0560F,RESISTOR,WR12X56R0FTL (3216 F 56R),4992
,F04RA1002F,RESISTOR,3216 F 10K,4947
,F04RA101J1,RESISTOR,WR12X101JTL (3216 J 100R),1727
,F04RA1020F,RESISTOR,3216 F 102R,2970
,F04RA106J1,RESISTOR,WR12X106JTL (3216 J 10M),4538
,F04RA1101F,RESISTOR,WR12X1101FTL (3216 F 1.1K),4910
,F04RA1201F,RESISTOR,3216 F 1.2K,4986
,F04RA2001F,RESISTOR,3216 F 2K,4989
,F04RA2201F,RESISTOR,3216 F 2.2K,5000
,F04RA2400F,RESISTOR,WR12X2400FTL (3216 F 240R),4826
,F04RA2490F,RESISTOR,WR12X2490FTL (3216 F 249R),4970
,F04RA273J1,RESISTOR,3216 J 27K,4943
,F04RA3000F,RESISTOR,WR12X3000FTL (3216 F 300R),2299
,F04RA332J1,RESISTOR,WR12X322JTL (3216 J 3.3K),3087
,F04RA360J1,RESISTOR,WR12X360JTL (3216 J 36R),4900
,F04RA3901F,RESISTOR,3216 F 3.9K,4559
,F04RA3R90F,RESISTOR,3216 F 3.9R,4963
,F04RA470J1,RESISTOR,3216 J 47R,4811
,F04RA472J1,RESISTOR,WR12X472JTL (3216 J 4.7K),8368
,F04RA473J1,RESISTOR,3216 J 47K,4995
,F04RA49R9F,RESISTOR,3216 F 49.9R,4980
,F04RA512J1,RESISTOR,3216 J 5.1K,19098
,F04RA5601F,RESISTOR,WR12X5601FTL (3216 F 5.6K),4690
,F04RA6040F,RESISTOR,WR12X6040FTL (3216 F 604R),4841
,F04RA620J1,RESISTOR,WR12X620JTL (3216 J 62R),3830
,F04RA681F1,RESISTOR,WR12X6800FTL (3216 F 680R),3066
,F04RA7150F,RESISTOR,MCR18ERTF7150 (3216 F 715R),5000
,F04RAA101J,ARRAY RESISTOR,WA06X101JTL (064R J 100R (1608*4)),11149
,F04RAA103J,ARRAY RESISTOR,WA06X103JTL (064R J 10K (1608*4)),3565
,F04RAA220J,ARRAY RESISTOR,WA06X220JTL (064R J 22R (1608*4)),4896
,F04RAA331J,ARRAY RESISTOR,WA06X331JTL (064R J 330R (1608*4)),1963
,F04RAS101J,ARRAY RESISTOR,WA04X101JTL (044R J 100R),9989
,F04RAS510J,ARRAY RESISTOR,WA04X510JTL (044R J 51R(1005*4)),9364
,F04RB000J1,RESISTOR,3225 J 0R,4944
,F04RB102J1,RESISTOR,3225 J 1K,4390
,F04RB122J1,RESISTOR,3225 J 1.2K,4796
,F04RC1000F,RESISTOR,5025 F 100R,3750
,F04RC102J1,RESISTOR,WR20X102JTL (5025 J 1K),3588
,F04RC1300F,RESISTOR,WR20X1300FTL (5025 F 130R),4000
,F04RJ00R1F,RESISTOR,1608 F 0.1R,4985
,F04RJ0430F,RESISTOR,1608 F 43R,3987
,F04RJ0510F,RESISTOR,1608 F 51R,4977
,F04RJ0820F,RESISTOR,1608 F 82R,4983
,F04RJ1004F,RESISTOR,1608 F 1M,4610
,F04RJ1020F,RESISTOR,WR06X1020FTL (1608 F 102R),4028
,F04RJ1102F,RESISTOR,1608 F 11K,4983
,F04RJ1183F,RESISTOR,1608 F 118K,4754
,F04RJ1203F,RESISTOR,1608 F 120K,4716
,F04RJ121J1,RESISTOR,WR06X121JTL (1608 J 120R),3454
,F04RJ122J1,RESISTOR,WR06X122JTL (1608 J 1.2K),4977
,F04RJ123J1,RESISTOR,1608 J 12K,4474
,F04RJ1302F,RESISTOR,1608 F 13K,4994
,F04RJ131J1,RESISTOR,1608 J 130R,4989
,F04RJ133J1,RESISTOR,WR06X133JTL (1608 J 13K),4607
,F04RJ1473F,RESISTOR,1608 F 147K,4366
,F04RJ1501F,RESISTOR,1608 F 1.5K,4012
,F04RJ1503F,RESISTOR,1608 F 150K,4983
,F04RJ150J1,RESISTOR,1608 J 15R,2284
,F04RJ153J1,RESISTOR,1608 J 15K,3654
,F04RJ1542F,RESISTOR,1608 F 15.4K,4990
,F04RJ1600F,RESISTOR,1608 F 160R,4983
,F04RJ1653F,RESISTOR,1608 F 165K,4985
,F04RJ1691F,RESISTOR,1608 F 1.69K,3732
,F04RJ1692F,RESISTOR,WR06X1692FTL (1608 F 16.9K),4398
,F04RJ1800F,RESISTOR,WR06X1800FTL (1608 F 180R),4958
,F04RJ1801F,RESISTOR,WR06X1801FTL (1608 F 1.8K),4830
,F04RJ1803F,RESISTOR,1608 F 180K,4994
,F04RJ184J1,RESISTOR,WR06X184JTL (1608 J 180K),4961
,F04RJ1874F,RESISTOR,1608 F 1.87M,4973
,F04RJ1R00F,RESISTOR,1608 F 1R,4898
,F04RJ2003F,RESISTOR,WR06X2003FTL (1608 F 200K),4309
,F04RJ203J1,RESISTOR,WR06X203JTL (1608 J 20K),4529
,F04RJ2103F,RESISTOR,1608 F 210K,4983
,F04RJ2212F,RESISTOR,WR06X2212FTL (1608 F 22.1K),4920
,F04RJ221J1,RESISTOR,WR06X221JTL (1608 J 220R),3490
,F04RJ223J1,RESISTOR,WR06X223JTL (1608 J 22K),4143
,F04RJ2321F,RESISTOR,1608 F 2.32K,4994
,F04RJ2401F,RESISTOR,WR06X2401FTL (1608 F 2.4K),4977
,F04RJ2402F,RESISTOR,1608 F 24K,2772
,F04RJ2403F,RESISTOR,1608 F 240K,4751
,F04RJ2492F,RESISTOR,WR06X2492FTL (1608 F 24.9K),4564
,F04RJ24R9F,RESISTOR,1608 F 24.9R,4943
,F04RJ2700F,RESISTOR,1608 F 270R,4994
,F04RJ27R0F,RESISTOR,1608 F 27R,4985
,F04RJ2871F,RESISTOR,1608 F 2.87K,3815
,F04RJ3002F,RESISTOR,1608 F 30K,3640
,F04RJ303J1,RESISTOR,WR06X303JTL (1608 J 30K),4722
,F04RJ304J1,RESISTOR,1608 J 300K,4731
,F04RJ3092F,RESISTOR,WR06X3092FTL (1608 F 30.9K),4986
,F04RJ3162F,RESISTOR,1608 F 31.6K,4944
,F04RJ3163F,RESISTOR,WR06X3163FTL (1608 F 316K),4920
,F04RJ3302F,RESISTOR,WR06X3302FTL (1608 F 33K),4924
,F04RJ3303F,RESISTOR,1608 F 330K,4756
,F04RJ3402F,RESISTOR,WR06X3402FTL (1608 F 34K),4824
,F04RJ3482F,RESISTOR,WR06X3482FTL (1608 F 34.8K),4924
,F04RJ3571F,RESISTOR,1608 F 3.57K,2689
,F04RJ360J1,RESISTOR,WR06X360JTL (1608 J 36R),3844
,F04RJ3652F,RESISTOR,1608 F 36.5K,4991
,F04RJ3900F,RESISTOR,WR06X3900FTL (1608 F 390R),3541
,F04RJ3902F,RESISTOR,1608 F 39K,2966
,F04RJ4020F,RESISTOR,WR06X4020FTL (1608 F 402R),4372
,F04RJ4021F,RESISTOR,WR06X4021FTL (1608 F 4.02K),4365
,F04RJ4022F,RESISTOR,1608 F 40.2K,4994
,F04RJ4532F,RESISTOR,1608 F 45.3K,4630
,F04RJ4703F,RESISTOR,1608 F 470K,4989
,F04RJ470J1,RESISTOR,WR06X470JTL (1608 J 47R),3851
,F04RJ471J1,RESISTOR,WR06X471JTL (1608 J 470R),2329
,F04RJ474J1,RESISTOR,WR06X474JTL (1608 J 470K),4922
,F04RJ4872F,RESISTOR,1608 F 48.7K,4983
,F04RJ4990F,RESISTOR,1608 F 499R,3561
,F04RJ4991F,RESISTOR,1608 F 4.99K,4750
,F04RJ4R70F,RESISTOR,1608 F 4.7R,4985
,F04RJ5100F,RESISTOR,1608 F 510R,3975
,F04RJ5101F,RESISTOR,1608 F 5.1K,3714
,F04RJ511J1,RESISTOR,WR06X511JTL (1608 J 510R),4474
,F04RJ512J1,RESISTOR,WR06X512JTL (1608 J 5.1K),9838
,F04RJ5622F,RESISTOR,1608 F 56.2K,4976
,F04RJ563J1,RESISTOR,WR06X563JTL (1608 J 56K),4661
,F04RJ5902F,RESISTOR,WR06X5902FTL (1608 F 59K),4926
,F04RJ6192F,RESISTOR,1608 F 61.9K,4984
,F04RJ6200F,RESISTOR,1608 F 620R,4957
,F04RJ6492F,RESISTOR,1608 F 64.9K,4744
,F04RJ6651F,RESISTOR,1608 F 6.65K,4983
,F04RJ6802F,RESISTOR,WR06X6802FTL (1608 F 68K),4689
,F04RJ6811F,RESISTOR,1608 F 6.81K,4731
,F04RJ681J1,RESISTOR,WR06X133JTL (1608 J 680R),4325
,F04RJ682J1,RESISTOR,WR06X682JTL (1608 J 6.8K),9084
,F04RJ68R01,RESISTOR,1608 F 68R,4951
,F04RJ7501F,RESISTOR,WR06X7501FTL (1608 F 7.5K),2639
,F04RJ7501J1,RESISTOR,1608 J 75R,2307
,F04RJ7502F,RESISTOR,1608 F 75K,1751
,F04RJ7503F,RESISTOR,WR06X7503FTL (1608 F 750K),4155
,F04RJ75R0F,RESISTOR,WR06X75R0FTL (1608 F 75R),4509
,F04RJ8062F,RESISTOR,1608 F 80.6K,4983
,F04RJ8200F,RESISTOR,1608 F 820R,4810
,F04RJ821J1,RESISTOR,WR06X821JTL (1608 J 820R),2606
,F04RJ912J1,RESISTOR,WR06X912JTL (1608 J 9.1K),4882
,F04RJ913J1,RESISTOR,1608 J 91K,4874
,F04RJ91R0F,RESISTOR,WR06X91R0FTL (1608 F 91R),4941
,F04RJ9310F,RESISTOR,1608 F 931R,4937
,F04RP01R0F,RESISTOR,2012 F 1R,4982
,F04RP0R03F,RESISTOR,WSLP0805R0330FEA (2012 F 0.033R),84
,F04RP1004F,RESISTOR,1608 F 1M,4988
,F04RP102J1,RESISTOR,WR08X102JTL (2012 J 1K),3601
,F04RP103J1,RESISTOR,WR08X103JTL (2012 J 10K),3127
,F04RP104J1,RESISTOR,WR08X104JTL (2012 J 100K),3822
,F04RP1152F,RESISTOR,2012 F 11.5K,4994
,F04RP1200F,RESISTOR,2012 F 120R,4992
,F04RP1501F,RESISTOR,2012 F 1.5K,4985
,F04RP1502F,RESISTOR,2012 F 15K,4988
,F04RP1782F,RESISTOR,2012 F 17.8K,4984
,F04RP1800F,RESISTOR,2012 F 180R,4976
,F04RP1R13F,RESISTOR,2012 F 1.13R,90
,F04RP2000F,RESISTOR,2012 F 200R,4984
,F04RP202J1,RESISTOR,WR08X202JTL (2012 J 2K),3006
,F04RP220J1,RESISTOR,WR08X220JTL (2012 J 22R),4332
,F04RP2210F,RESISTOR,2012 F 221R,4976
,F04RP2260F,RESISTOR,2012 F 226R,4986
,F04RP22R0F,RESISTOR,2012 F 22R,4979
,F04RP2400F,RESISTOR,2012 F 240R,4983
,F04RP2402F,RESISTOR,2012 F 24K,4989
,F04RP24R9F,RESISTOR,2012 F 24.9R,4945
,F04RP2701F,RESISTOR,2012 F 2.7K,4980
,F04RP3000F,RESISTOR,2012 F 300R,4952
,F04RP3740F,RESISTOR,2012 F 374R,4974
,F04RP3920F,RESISTOR,2012 F 392R,4956
,F04RP4020F,RESISTOR,2012 F 402R,4976
,F04RP4531F,RESISTOR,1608 F 4.53K,4994
,F04RP4700F,RESISTOR,2012 F 470R,4966
,F04RP470J1,RESISTOR,WR08X470JTL (2012 J 47R),3879
,F04RP4990F,RESISTOR,WR08X4990FTL (2012 F 499R),4797
,F04RP4R20F,RESISTOR,2012 F 4.7R,4970
,F04RP56R2F,RESISTOR,2012 F 56.2R,4976
,F04RP6200F,RESISTOR,2012 F 620R,4746
,F04RP6490F,RESISTOR,2012 F 649R,4986
,F04RP7500F,RESISTOR,1608 F 750R,4992
,F04RP75R0F,RESISTOR,WR08X75R0FTL (2012 F 75R),3803
,F04RP7681F,RESISTOR,2012 F 7.68K,4979
,F04RP82R0F,RESISTOR,2012 F 82R,4988
,F04RR1000F,RESISTOR,0603 F 100R,14849
,F04RR102J1,RESISTOR,WR02X102JAL (0603 J 1K),13556
,F04RR2001F,RESISTOR,WR02X2001FAL (0603 F 2K),12983
,F04RR2003F,RESISTOR,WR02X2003FAL (0603 F 200K),13351
,F04RR2491F,RESISTOR,0603 F 2.49K,14562
,F04RR3002F,RESISTOR,WR02X3002FAL (0603 F 30K),14442
,F04RR331J1,RESISTOR,WR02X331JAL (0603 J 330R),13841
,F04RR33R0F,RESISTOR,0603 F 33R,14890
,F04RR4704F,RESISTOR,WR02W4704FAL (0603 F 4.7M),14090
,F04RR471J1,RESISTOR,WR02X471JAL (0603 J 470R),14836
,F04RR5103F,RESISTOR,WR02X5103FAL (0603 F 510K),14030
,F04RS100J1,RESISTOR,1005 J 10R,8148
,F04RS1022F,RESISTOR,WR04X1022FTL (1005 F 10.2K),18599
,F04RS1052F,RESISTOR,WR04X1052FTL (1005 F 10.5K),9934
,F04RS106J1,RESISTOR,WR04X106JTL (1005 J 10M),8669
,F04RS1072F,RESISTOR,WR04X1072FTL (1005 F 10.7K),8914
,F04RS1101F,RESISTOR,1005 F 1.1K,9892
,F04RS1102F,RESISTOR,WR04X1102FTL (1005 F 11K),8066
,F04RS1133F,RESISTOR,1005 F 113K,9943
,F04RS114J1,RESISTOR,WR04X114JTL (1005 J 110K),9161
,F04RS1152F,RESISTOR,WR04X1152FTL (1005 F 11.5K),3796
,F04RS1182F,RESISTOR,1005 F 11.8K,9967
,F04RS1201F,RESISTOR,1005 F 1.2K,10000
,F04RS1202F,RESISTOR,WR04X1202FTL (1005 F 12K),9772
,F04RS1204F,RESISTOR,1005 F 1.2M,9965
,F04RS1211F,RESISTOR,WR04X1212FTL (1005 F 1.21K),19793
,F04RS1213F,RESISTOR,1005 F 121K,9896
,F04RS1241F,RESISTOR,WR04X1242FTL (1005 F 12.4K),9602
,F04RS124J1,RESISTOR,1005 J 120K,8751
,F04RS12R0F,RESISTOR,1005 F 12R,9791
,F04RS1300F,RESISTOR,1608 F 130R,4983
,F04RS1301F,RESISTOR,WR04X1301FTL (1005 F 1.3K),9859
,F04RS1302F,RESISTOR,WR04X1302FTL (1005 F 13K),8403
,F04RS1372F,RESISTOR,1005 F 13.7K,9976
,F04RS1373F,RESISTOR,1005 F 137K,9961
,F04RS1402F,RESISTOR,WR04X1402FTL (1005 F 14K),9677
,F04RS1431F,RESISTOR,WR04X1431FTL (1005 F 1.43K),9094
,F04RS1433F,RESISTOR,WR04X1433FTL (1005 F 143K),9420
,F04RS1473F,RESISTOR,1005 F 147K,9891
,F04RS1500F,RESISTOR,1005 F 150R,9271
,F04RS1502F,RESISTOR,WR04X1502FTL (1005 F 15K),5804
,F04RS151J1,RESISTOR,WR04X151JTL (1005 J 150R),14208
,F04RS1602F,RESISTOR,1005 F 16K,9975
,F04RS1603F,RESISTOR,1005 F 160K,9971
,F04RS1623F,RESISTOR,WR04X1623FTL (1005 F 162K),18513
,F04RS1651F,RESISTOR,1005 F 1.65K,9913
,F04RS1742F,RESISTOR,WR04X1742FTL (1005 F 17.4K),9030
,F04RS1800F,RESISTOR,WR04X1800FTL (1005 F 180R),9908
,F04RS1801F,RESISTOR,WR04X1801FTL (1005 F 1.8K),9981
,F04RS1802F,RESISTOR,1005 F 18K,9653
,F04RS1822F,RESISTOR,1005 F 18.2K,7286
,F04RS182J1,RESISTOR,WR04X182JTL (1005 J 1.8K),6108
,F04RS184J1,RESISTOR,WR04X184JTL (1005 J 180K),9376
,F04RS1872F,RESISTOR,WR04X1872FTL (1005 F 18.7K),7528
,F04RS1912F,RESISTOR,1005 F 19.1K,9770
,F04RS200J1,RESISTOR,WR04X392JTL (1005 J 200R),7221
,F04RS205J1,RESISTOR,WR04X205JTL (1005 J 2M),9673
,F04RS2201F,RESISTOR,1005 F 2.2K,9983
,F04RS2202F,RESISTOR,WR04X2202FTL (1005 F 22K),17987
,F04RS2203F,RESISTOR,1005 F 220K,9952
,F04RS2212F,RESISTOR,WR04X2212FTL (1005 F 22.1K),7764
,F04RS221J1,RESISTOR,WR04X221JTL (1005 J 220R),17036
,F04RS224J1,RESISTOR,WR04X224JTL (1005 J 220K),9446
,F04RS2371F,RESISTOR,WR04X2371FTL (1005 F 2.37K),8590
,F04RS2372F,RESISTOR,1005 F 23.7K,9969
,F04RS2401F,RESISTOR,1005 F 2.4K,9056
,F04RS2402F,RESISTOR,1005 F 24K,9959
,F04RS242J1,RESISTOR,WR04X242JTL (1005 J 2.4K),9419
,F04RS243J1,RESISTOR,WR04X243JTL (1005 J 24K),8710
,F04RS2493F,RESISTOR,1005 F 249K,9898
,F04RS2610F,RESISTOR,1005 F 261R,9950
,F04RS270J1,RESISTOR,WR04X270JTL (1005 J 27R),7884
,F04RS273J1,RESISTOR,WR04X273JTL (1005 J 27K),7289
,F04RS27R9F,RESISTOR,1005 F 24.9R,9951
,F04RS2R7J1,RESISTOR,WR04X2R7JTL (1005 J 2.7R),8117
,F04RS3001F,RESISTOR,1005 F 3K,5937
,F04RS3002F,RESISTOR,1005 F 30K,6578
,F04RS3003F,RESISTOR,1005 F 300K,9793
,F04RS302J1,RESISTOR,WR04X302JTL (1005 J 3K),8461
,F04RS3161F,RESISTOR,WR04X3161FTL (1005 F 3.16K),9690
,F04RS3242F,RESISTOR,1005 F 32.4K,9898
,F04RS3301F,RESISTOR,WR04X3301FTL (1005 F 3.3K),9956
,F04RS3321F,RESISTOR,1005 F 3.32K,9972
,F04RS332J1,RESISTOR,1005 J 3.3K,16942
,F04RS33R2F,RESISTOR,1005 F 33.2R,9874
,F04RS3482F,RESISTOR,1005 F 34.8K,9981
,F04RS3572F,RESISTOR,1005 F 35.7K,9984
,F04RS3601F,RESISTOR,WR04X3601FTL (1005 F 3.6K),10000
,F04RS3602F,RESISTOR,WR04X3602FTL (1005 F 36K),8954
,F04RS3603F,RESISTOR,1005 F 360K,9964
,F04RS3652F,RESISTOR,WR04X3652FTL (1005 F 36.5K),9343
,F04RS3833F,RESISTOR,1005 F 383K,9960
,F04RS3901F,RESISTOR,1005 F 3.9K,7958
,F04RS3903F,RESISTOR,WR04X3903FTL (1005 F 390K),9909
,F04RS392J1,RESISTOR,WR04X392JTL (1005 J 3.9K),7314
,F04RS4020F,RESISTOR,WR04X4020FTL (1005 F 402R),9839
,F04RS4022F,RESISTOR,1005 F 40.2K,9952
,F04RS4301F,RESISTOR,1005 F 4.3K,9981
,F04RS4302F,RESISTOR,WR04X4302FTL (1005 F 43K),9908
,F04RS43R0F,RESISTOR,1005 F 43R,9934
,F04RS4420F,RESISTOR,1005 F 442R,9961
,F04RS4422F,RESISTOR,WR04X4422FTL (1005 F 44.2K),8934
,F04RS4641F,RESISTOR,1005 F 4.64K,9985
,F04RS4703F,RESISTOR,WR04X4703FTL (1005 F 470K),9109
,F04RS474J1,RESISTOR,WR04X474JTL (1005 J 470K),8877
,F04RS4750F,RESISTOR,WR04X4750FTL (1005 F 475R),7889
,F04RS47R0F,RESISTOR,1005 F 47R,9616
,F04RS4871F,RESISTOR,WR04X4871FTL (1005 F 4.87K),9772
,F04RS4990F,RESISTOR,WR04X4990FTL (1005 F 499R),6569
,F04RS4R99F,RESISTOR,1005 F 4.99R,9952
,F04RS5102F,RESISTOR,1005 F 51K,9965
,F04RS5103F,RESISTOR,WR04X5103FTL (1005 F 510K),9697
,F04RS513J1,RESISTOR,WR04X513JTL (1005 J 51K),9371
,F04RS514J1,RESISTOR,WR04X514JTL (1005 J 510K),9436
,F04RS5362F,RESISTOR,WR04X5362FTL (1005 F 53.6K),9151
,F04RS5601F,RESISTOR,WR04X5601FTL (1005 F 5.6K),8977
,F04RS5622F,RESISTOR,1005 F 56.2K,7402
,F04RS6040F,RESISTOR,1005 F 604R,9890
,F04RS6042F,RESISTOR,1005 F 60.4K,9987
,F04RS6191F,RESISTOR,WR04X6191FTL (1005 F 6.19K),9907
,F04RS6192F,RESISTOR,WR04X6192FTL (1005 F 61.9K),9756
,F04RS6202F,RESISTOR,1005 F 62K,9968
,F04RS6491F,RESISTOR,WR04X6491FTL (1005 F 6.49K),8765
,F04RS6800F,RESISTOR,WR04X6800FTL (1005 F 680R),8465
,F04RS682J1,RESISTOR,WR04X682JTL (1005 J 6.8K),9971
,F04RS6981F,RESISTOR,WR04X6981RTL (1005 F 6.98K),9369
,F04RS6984F,RESISTOR,1005 F 6.98M,9714
,F04RS7322F,RESISTOR,1005 F 73.2K,9890
,F04RS7500F,RESISTOR,WR04X7500FTL (1005 F 750R),9695
,F04RS7502F,RESISTOR,1005 F 75K,9951
,F04RS752J1,RESISTOR,WR04X752JTL (1005 J 7.5K),6772
,F04RS753J1,RESISTOR,WR04X753JTL (1005 J 75K),8162
,F04RS7872F,RESISTOR,1005 F 78.7K,9957
,F04RS8061F,RESISTOR,1005 F 8.06K,9763
,F04RS8062F,RESISTOR,1005 F 80.6K,9951
,F04RS80R6F,RESISTOR,1005 F 80.6R,5892
,F04RS8201F,RESISTOR,WR04X8201FTL (1005 F 8.2K),9706
,F04RS821J1,RESISTOR,1005 J 820R,9342
,F04RS822J1,RESISTOR,WR04X822JTL (1005 J 8.2K),9655
,F04RS824J1,RESISTOR,WR04X824JTL (1005 J 820K),8399
,F04RS8661F,RESISTOR,1005 F 8.66K,9883
,F04RS8872F,RESISTOR,WR04X8872FTL (1005 F 88.7K),8835
,F04RS9101F,RESISTOR,WR04X9101FTL (1005 F 9.1K),689
,F04RS9102F,RESISTOR,WR04X9102FTL (1005 F 91K),8871
,F04RS9310F,RESISTOR,WR04X9310FTL (1005 F 931R),5378
,F04RS9312F,RESISTOR,WR04X9312FTL (1005 F 93.1K),18279
,F04SC414HG,Super capacitors,XH414HG-IV01E,3842
,F04SWS1201,SWITCH,YSS-1201S-2mm,692
,F04TA105KL,CHIP TANTAL,TAJA105K035RNJ  (A 1uF K 35V),91
,F04TRAO680,TR,AO6800,3038
,F04TRBS138,TR,BSS138,700
,F04TRL3904,TR,LMBT3904LT1G(재고 소진후 MMBT3904LT1G 사용),2056
,F04TV226KB,CHIP TANTAL,TAJV226K050RNJ (V 22UF K 50V),487
,F04V16180B,CHIP VARISTOR,LVS16180B750,3585
,F04VICVS01,CHIP VARISTOR,ICVS0518270FR,14108
,F04X27M503,X-TAL,S5032A-027000-T18-DYD-YDA,306
,F04XCM2327,X-TAL,CM200C32768DZBT(MC-306 32.768K-E3:ROHS (6pF)동일자재),458
,F05I1G14DB,IC,SN74LVC1G14DBVR,944
,F05I304R7M,CHIP INDUCTOR,SPH7030-4R7M,1284
,F05I306R8M,CHIP INDUCTOR,SPH7030-6R8M,1478
,F05I85RS16,IC,MB85RS16NPNF-G-JNERE1,989
,F05I8G1GES,IC,KLM8G1GESD-B03Q,400
,F05IB251MR,IC,XC6220B251MR,37
,F05IE05U06,IC,TPD4E05U06DQAR,2482
,F05ILM324D,IC,LM324D,1207
,F05IM1G00D,IC,MC74HC1G00DTT1G,2047
,F05IS7828E,IC,ADS7828EIPWRQ1,1479
,F05ITR4101,IC,NTR4101PT1G,9000
,F07BOWASM3,BOLT WASHER,스프링와샤-NI [M3],2000
,F07BOWSSM3,BOLT WASHER,평와샤-NI [M3x6],2000
,F07CC222KY,DIP Ceramic Disc Capacitors,CK45-B3AD222KYGNA/TDK,120
,F07CN10440,DIP CONNECTOR,54104-4031(MOLEX),990
,F07CN16921,DIP CONNECTOR,TB09-03-196-6921,18
,F07CN303VW,DIP CONNECTOR,YAW396-03V,351
,F07CN37504,DIP CONNECTOR,53375-0410,94
,F07CN6702B,DIP CONNECTOR,5267-02-BLUE,795
,F07CN6702G,DIP CONNECTOR,5267-02-GREEN,803
,F07CN6702R,DIP CONNECTOR,5267-02-RED,788
,F07CN6702V,DIP CONNECTOR,5267-02-VIOLET,803
,F07CN6702Y,DIP CONNECTOR,5267-02-YELLOW,801
,F07CNJ325C,DIP CONNECTOR,PJ-325C (GREEN),22
,F07CNPJ359,DIP CONNECTOR,PJ-359(3.5),23
,F07CNVHD19,DIP CONNECTOR,RAVHD19 / ZT-HMA19F8909-001,27
,F07CNXW115,DIP CONNECTOR,FX-W-115,20
,F07FC104KS,DIP FILM CAPACITOR,MPE AC250V 104K 10S,115
,F07LSEC120,LED MODULE,SEC-0120,40
,F07LSEC123,LED MODULE,SEC-0123,40
,F07PHA503A,DIP PIN HEADER,GRPB031VWVN-RC (A5-3PA-1.27DSA),3
,F07PHA508A,DIP PIN HEADER,GRPB081VWVN-RC (A5-8PA-1.27DSA),2
,F07PHA510A,DIP PIN HEADER,GRPB101VWVN-RC (A5-10PA-1.27DSA),2
,F07R1W101J,DIP RESISTOR,1W J 100R,47
,F07THPRG21,RESISTOR,PRG21BC4R7MM1RA(2012 M 4.7R),7680
,F07V07D470,DIP VARISTOR,ERZV07D330,495
,F08BOM3X12,BOLT,PAN(+)-SUS [M3x12],2000
,I0440H100H,INDUCTOR,WPN4020H100MT (SRN4018-100M 대치),2236
,I0440H4R7M,INDUCTOR,WPN4020H4R7MT (SRN4018-4R7M 대치),256
,I0440H6R8M,INDUCTOR,WPN4020H6R8MT (SRN4018-6R8M 대치),764
,I04B221SN1,BEAD,BLM21PG221SN1D,10579
,I04BJ300A1,BEAD,MPZ1608S300A,3438
,I04BJ601T1,BEAD,HCB1608KF-601T20,10105
,I04CB226KA,CAPACITOR,CL32A226KAJNNN(3225 22uF K 25V X5R),8945
,I04CN1104B,CONNECTOR,DS1104-B60SRS (MUSB-05S-B+CT-TR),5582
,I04CNHRG40,CONNECTOR,05002HR-40N2(G),1700
,I04CNHRG50,CONNECTOR,05002HR-50N2(G),1958
,I04CP106KA,CAPACITOR,CL21A106KAYNNN(2012 10uF K 25V X5R),11842
,I04CP224FB,CAPACITOR,0805B224J500 (2012 220nF J 50V X7R),3185
,I04CS060CB,CAPACITOR,CL05C060CB5NNN(1005 6pF C 50V C0G),13216
,I04CS104KA,CAPACITOR,CL05B104KA5NNN(1005 100nF K 25V X7R),52725
,I04CS105KA,CAPACITOR,CL05A105KA5NNN(1005 1uF K 25V X5R),16610
,I04D16CSF1,DIODE,DDZ16CSF,3920
,I04D4148W1,DIODE,1N4148W-7-F,2689
,I04D4750A1,DIODE,1SMA4750A -> SMA4750A (KD),3376
,I04D5819HW,DIODE,1N5819HW-7-F,3880
,I04D7V5CSF,DIODE,DDZ7V5CSF,3913
,I04DAP3036,DIODE,AP3036BKTR-G1,6945
,I04DBAT54S,DIODE,BAT54S,4893
,I04DSD05C1,DIODE,SD05C-LF-T7 (PSD05C-LF-T7 대치),3583
,I04DSS14A1,DIODE,SS14,10112
,I04DSS34A1,DIODE,SS34,6911
,I04F900TF1,FILTER,SDCW2012-2-900TF (ACM2012-900-2P-T002 대치),5215
,I04FJ03000,FUSE,MFU0603FF03000,2543
,I04LJ036A1,CHIP LED,BL-HY036A-AV-TRB(1608 YELLOW),3494
,I04LJ136A1,CHIP LED,BL-HS136A (단종),1395
,I04N18100M,INDUCTOR,SRN4018-100M,12999
,I04N18220M,INDUCTOR,SRN4018-220M,2198
,I04N184R7M,INDUCTOR,SRN4018-4R7M,13978
,I04N186R8M,INDUCTOR,SRN4018-6R8M,12998
,I04NSC101M,INDUCTOR,SC1260S-101M,1977
,I04RA470J1,RESISTOR ARRY ,WA04X470JTL(J 47R),19749
,I04RJ1201F,RESISTOR,WR06X1201FTL (1608 F 1.2K),1924
,I04RJ12R0F,RESISTOR,WR06X12R0FTL (1608 F 12R),3663
,I04RJ1302F,RESISTOR,WR06X1302FTL (1608 F 13K),1924
,I04RJ1R20F,RESISTOR,1608 F 1.2R,3264
,I04RJ24R0F,RESISTOR,WR06X24R0FTL (1608 F 24R),3668
,I04RJ2R40F,RESISTOR,WR06W2R40FTL (1608 F 2.4R),7361
,I04RJ4301F,RESISTOR,WR06X4301FTL (1608 F 4.3K),3888
,I04RJ5601F,RESISTOR,WR06X5601FTL (1608 F 5.6K),7402
,I04RJ5R10F,RESISTOR,WR06W5R10FTL (1608 F 5.1R),4667
,I04RS1212J,RESISTOR,WR04X1212FTL (1005 F 12.1K),3749
,I04RS221J1,RESISTOR,WR04X221JTL (1005 J 220R),13077
,I04RS393J1,RESISTOR,WR04X393JTL (1005 J 39K),11520
,I04RS470J1,RESISTOR,WR04X470JTL (1005 J 47R),14483
,I04RS4R7J1,RESISTOR,WR04X4R7JTL ( 1005 J 4.7R),16552
,I04SWY1502,SWITCH,YST-1502 / 1131-2 (JIANFU),3664
,I04TB107MQ,TANTAL,TAJB107M006RNJ(B 100uF K 6.3V) ,5296
,I04TD1550V,CHIP TANATL,T491D156K035AT / 293D156X9035D2TE3 (15uF 35V D),700
,I04TD22010,CHIP TANATL,293D227X9010D2TE3 (220uF 10V D),199
,I04VA651K3,CHIP VARISTOR,TVM3B390K651,4063
,I04X12MSX3,X-TAL,12MHZ(SX-32),2601
,I05I1117GS,IC,LM1117GS-1.2,4146
,I05I1541DJ,IC,MP1541DJ-LF-Z,3024
,I05I2105LT,IC,NUP2105LT1G,4244
,I05I2306AY,IC,PAM2306AYPKE,4642
,I05I2576R1,IC,LM2576R-5.0,793
,I05I29N01H,IC,W29N01HV,2336
,I05I30F71I,IC,N9H30F71IEC,1974
,I05I3431SD,IC,TPS3431SDRBR (TI),3733
,I05I5333BS,IC,FAN5333BSX,3000
,I05I6V11M2,IC,ESDALC6V1-1M2,9148
,I05IP2576L,IC,P2576L-5.0-TQ5-R (LM2576R-5.0 대치),2596
,I05IXC6131,IC,XC6131A161MR-G,4184
,I05S34ML01,IC,S34ML01G200TFI000 (W29N01HVE 대치),19
,I07C02SRDG,CONNECTOR,PH01-02SRD-G / A2-2PA-DS D,2467
,I07C03SRDG,CONNECTOR,PH01-03SRD-G / A2-3PA-2.54DS(ANGLE),474
,I07CN0104R,DIP CONNECTOR,USB01-04R-N-001E-BK,472
,I07CN39604,DIP CONNECTOR,YAW396-04V,4306
,I07EG10735,DIP ELEC CAPACITOR,KMG 100uF 35V(6.3*11) / C2,3081
,I07EG47710,DIP ELEC CAPACITOR,KMG 470uF 10V(6.3*11) / C3,1966
